Scene ID,Chapter,Sentence Count,Duration (Sec),Visual Summary,Video Prompt
CH01_SC001a,1,2,8,"Đồ họa 2D cuốn sách dạy làm giàu đặt cạnh cuốn Kinh Thánh dày cổ kính, ánh sáng dịu nhẹ.","steady shot showing a flat 2D graphic of a self-help book with a shining gold star on the cover placed side-by-side with a thick, ancient leather-bound Holy Bible, on a dark solid background, with the on-screen text ""BEST SELLER"" appearing above them. Soft warm lighting, symmetrical layout. flat 2D vector illustration style, clean bold outlines, flat colors, vibrant color palette, cinematic lighting, 8-second continuous documentary video --ar 16:9"
CH01_SC001b,1,1,7,"Bóng đen một người đàn ông nhìn lên bầu trời đầy sao lấp lánh, tràn ngập hy vọng.","slow camera panning showing the clean black silhouette of a hopeful man looking up towards a dark night sky filled with shimmering yellow stars and glowing nebulae, set against a dark purple and indigo gradient background. Moody backlight, deep silhouettes. minimalist graphic novel ink style, high contrast, bold outlines, flat colors, vibrant color palette, cinematic lighting, 8-second continuous documentary video --ar 16:9"
CH01_SC002a,1,1,6,"Bóng đen chân dung Napoleon Hill tách đôi, một nửa sáng một nửa tối tương phản.","slow camera tracking shot showing the clean black silhouette of a writer's side profile splitting down the middle, with one half glowing gold and the other half cast in deep shadow, set against a dark magenta and violet gradient background. Symmetrical layout, dramatic chiaroscuro lighting. minimalist graphic novel ink style, high contrast, bold outlines, flat colors, vibrant color palette, cinematic lighting, 8-second continuous documentary video --ar 16:9"
CH01_SC002b,1,1,8,"Ví tiền bằng da nằm mở trên bàn gỗ tối màu, bên trong không có tiền mặt.","steady shot showing a worn, open brown leather wallet lying flat on a dark wooden table, with empty pockets exposed under a dim spotlight, set against a dark teal and gray gradient background. Soft dramatic shadows, high contrast. minimalist graphic novel ink style, high contrast, bold outlines, flat colors, vibrant color palette, cinematic lighting, 8-second continuous documentary video --ar 16:9"
CH01_SC002c,1,1,8,"Bóng đen người đàn ông ngồi thiền, các đường hào quang ảo ảnh tỏa ra xung quanh.","steady shot showing the clean black silhouette of a man sitting in meditation pose, with illusory golden halo lines and abstract frequency waves expanding outwards from his body, set against a dark violet and magenta gradient background. Symmetrical layout, glowing backlight. minimalist graphic novel ink style, high contrast, bold outlines, flat colors, vibrant color palette, cinematic lighting, 8-second continuous documentary video --ar 16:9"
CH01_SC002d,1,1,6,"Đồ họa vector một bàn tay trao cuốn sách ""Think and Grow Rich"" nhận lại những tờ tiền USD xanh.","slow camera panning showing a flat 2D vector graphic of one hand passing a book with a dollar sign on the cover to another hand, which returns several green paper dollar bills, on a solid dark gray background. Clean outlines, high contrast. flat 2D vector illustration style, clean bold outlines, flat colors, vibrant color palette, cinematic lighting, 8-second continuous documentary video --ar 16:9"
CH01_SC002e,1,1,7," Silhouette người đàn ông ngồi gục đầu bên đống hóa đơn nợ nần chồng chất dưới ánh đèn bàn leo lét.","steady medium shot showing the clean black silhouette of a distressed man sitting at a wooden desk with his head in his hands, surrounded by messy stacks of unpaid bills and debt notices under a single hanging lightbulb, set against a dark teal gradient background. High contrast, dramatic chiaroscuro. minimalist graphic novel ink style, high contrast, bold outlines, flat colors, vibrant color palette, cinematic lighting, 8-second continuous documentary video --ar 16:9"
CH01_SC002f,1,1,6," Silhouette người đàn ông ngồi gục đầu bên đống hóa đơn nợ nần chồng chất dưới ánh đèn bàn leo lét.","slow camera panning showing the clean black silhouette of a man running with a suitcase through a foggy alleyway, with red warning lights flashing faintly in the background, set against a dark gray and indigo gradient background. Moody lighting, deep shadows. minimalist graphic novel ink style, high contrast, bold outlines, flat colors, vibrant color palette, cinematic lighting, 8-second continuous documentary video --ar 16:9"
CH01_SC003a,1,1,6,"Lệnh truy nã cổ điển năm 1908 in chữ ""Oliver Hill"" trên nền giấy nâu ố cũ kỹ.","steady shot showing a flat 2D vintage 1908 arrest warrant document on stained brown paper, with the bold English text ""WANTED FOR FRAUD"" printed at the top, on a solid dark gray background. Soft warm lighting, high contrast. flat 2D vector illustration style, clean bold outlines, flat colors, vibrant color palette, cinematic lighting, 8-second continuous documentary video --ar 16:9"
CH01_SC003b,1,1,6,"Lệnh truy nã cổ điển năm 1908 in chữ ""Oliver Hill"" trên nền giấy nâu ố cũ kỹ.","slow camera tracking shot showing a flat 2D vintage 1908 arrest warrant document on stained brown paper, with the bold English text ""WANTED FOR FRAUD"" printed at the top, on a solid dark gray background. Moody backlight, high contrast. flat 2D vector illustration style, clean bold outlines, flat colors, vibrant color palette, cinematic lighting, 8-second continuous documentary video --ar 16:9"
CH01_SC003c,1,1,6,"Bóng đen một người ký tờ séc giả trước đống gỗ thông thô chất đống tại xưởng cưa.","steady shot showing the clean black silhouette of a man signing a check with a fountain pen at a desk, with a background depicting a large stack of raw pine logs at a sawmill, set against a dark orange and charcoal gradient background. Symmetrical layout, dramatic chiaroscuro lighting. minimalist graphic novel ink style, high contrast, bold outlines, flat colors, vibrant color palette, cinematic lighting, 8-second continuous documentary video --ar 16:9"
CH01_SC003d,1,1,4,"Lệnh truy nã cổ điển năm 1908 in chữ ""Oliver Hill"" trên nền giấy nâu ố cũ kỹ.","steady shot showing a flat 2D vintage 1908 arrest warrant document on stained brown paper, with the bold English text ""WANTED FOR FRAUD"" printed at the top, on a solid dark gray background. Symmetrical composition, soft warm lighting. flat 2D vector illustration style, clean bold outlines, flat colors, vibrant color palette, cinematic lighting, 8-second continuous documentary video --ar 16:9"
CH01_SC003e,1,1,6,"Bức tranh ẩn dụ 2D nghệ thuật tâm lý, bóng đen con người và các luồng sáng màu gradient rực rỡ thể hiện nội dung: Họ mua gỗ bằng các khoản vay tín chấp, rồi bán tháo lấy tiền mặt và bỏ trốn.","slow camera panning left showing the clean black silhouette of two men carrying sacks of cash away from a pile of timber towards a train station platform, set against a deep blue and warm amber gradient background. Moody backlight, deep silhouettes. minimalist graphic novel ink style, high contrast, bold outlines, flat colors, vibrant color palette, cinematic lighting, 8-second continuous documentary video --ar 16:9"
CH01_SC003f,1,1,4,"Lệnh truy nã cổ điển năm 1908 in chữ ""Oliver Hill"" trên nền giấy nâu ố cũ kỹ.","steady shot showing a flat 2D vintage 1908 arrest warrant document on stained brown paper, with the bold English text ""WANTED FOR FRAUD"" printed at the top, on a solid dark gray background. Symmetrical layout, soft warm lighting. flat 2D vector illustration style, clean bold outlines, flat colors, vibrant color palette, cinematic lighting, 8-second continuous documentary video --ar 16:9"
CH01_SC003g,1,1,5," Silhouette người đàn ông bước lên tàu hỏa hơi nước trong đêm tối, kéo vali bỏ trốn.","subtle slow zoom-in showing the clean black silhouette of a man wearing a trench coat and fedora boarding a steam train in the dark of night, carrying a suitcase, set against a dark teal and orange gradient background. Moody lighting, deep shadows. minimalist graphic novel ink style, high contrast, bold outlines, flat colors, vibrant color palette, cinematic lighting, 8-second continuous documentary video --ar 16:9"
CH01_SC004a,1,1,7,"Bóng đen một người đàn ông nhìn lên bầu trời đầy sao lấp lánh, tràn ngập hy vọng.","slow camera panning showing the clean black silhouette of a writer sitting at a desk looking out a window at a starry sky, set against a rich violet and amber gradient background. Moody backlight, deep silhouettes. minimalist graphic novel ink style, high contrast, bold outlines, flat colors, vibrant color palette, cinematic lighting, 8-second continuous documentary video --ar 16:9"
CH01_SC004b,1,1,7,"Silhouette một người đàn ông đội mũ phớt che nửa mặt đi vào bóng tối đường phố.","slow camera tracking shot showing the clean black silhouette of a man wearing a fedora walking down a dark, misty city street lined with vintage streetlights, set against a dark navy and gold gradient background. Moody backlight, deep silhouettes. minimalist graphic novel ink style, high contrast, bold outlines, flat colors, vibrant color palette, cinematic lighting, 8-second continuous documentary video --ar 16:9"
CH01_SC004c,1,1,5,"Chân dung đồ họa 2D của tỷ phú Andrew Carnegie với ánh nhìn sắc sảo, nghiêm nghị.","steady shot showing a 2D graphic novel portrait of a legendary steel tycoon with white hair and a serious, sharp expression, set against a rich violet and orange gradient background. Symmetrical layout, dramatic chiaroscuro lighting. minimalist graphic novel ink style, high contrast, bold outlines, flat colors, vibrant color palette, cinematic lighting, 8-second continuous documentary video --ar 16:9"
CH01_SC004d,1,1,4,"Hai chiếc bóng đen ngồi đối diện nhau đàm đạo bên chiếc bàn tròn cổ điển.","steady shot showing the clean black silhouettes of two men sitting in ornate high-back chairs opposite each other at a round wooden table, conversing, set against a moody dark teal and gold gradient background. Symmetrical composition, soft warm lighting. minimalist graphic novel ink style, high contrast, bold outlines, flat colors, vibrant color palette, cinematic lighting, 8-second continuous documentary video --ar 16:9"
CH01_SC004e,1,1,6,"Chân dung đồ họa 2D của tỷ phú Andrew Carnegie với ánh nhìn sắc sảo, nghiêm nghị.","steady shot showing a 2D graphic novel portrait of a legendary steel tycoon looking directly forward with a stern and commanding gaze, set against a rich violet and gold gradient background. Symmetrical layout, soft warm lighting. minimalist graphic novel ink style, high contrast, bold outlines, flat colors, vibrant color palette, cinematic lighting, 8-second continuous documentary video --ar 16:9"
CH01_SC004f,1,1,6,"Bàn tay mở trống rỗng dưới ánh sáng rọi thẳng từ trên xuống, thể hiện sự vô tư.","steady close-up shot showing a flat 2D graphic of a large open book with symbolic icons representing success floating out of it, under a warm spotlight, set against a dark teal background. Symmetrical layout, soft warm lighting. flat 2D vector illustration style, clean bold outlines, flat colors, vibrant color palette, cinematic lighting, 8-second continuous documentary video --ar 16:9"
CH01_SC004g,1,1,3,"Bàn tay mở trống rỗng dưới ánh sáng rọi thẳng từ trên xuống, thể hiện sự vô tư.","steady close-up shot showing a flat 2D graphic of an open, empty hand under a cold blue spotlight, with a red strike-through line over a falling gold coin, set against a dark navy background. Symmetrical composition, high contrast. flat 2D vector illustration style, clean bold outlines, flat colors, vibrant color palette, cinematic lighting, 8-second continuous documentary video --ar 16:9"
CH01_SC005a,1,1,6,"Hàng vạn bóng người đi trong sương mù lạnh giá, hướng về một vệt sáng vàng ấm áp.","slow camera tracking shot showing the clean black silhouettes of thousands of people walking through a cold, misty blue fog towards a bright yellow path of light in the distance, set against a dark blue and amber gradient background. Moody backlight, deep silhouettes. minimalist graphic novel ink style, high contrast, bold outlines, flat colors, vibrant color palette, cinematic lighting, 8-second continuous documentary video --ar 16:9"
CH01_SC005b,1,1,7,"Hình ảnh một vực sâu ngăn cách giữa cuốn sách tự lực phát sáng và đống hồ sơ tòa án tối tăm.","steady shot showing a deep, dark chasm separating a glowing self-help book on one side and a messy, dark pile of official court files on the other side, set against a dark purple and orange gradient background. Symmetrical layout, dramatic chiaroscuro lighting. minimalist graphic novel ink style, high contrast, bold outlines, flat colors, vibrant color palette, cinematic lighting, 8-second continuous documentary video --ar 16:9"
CH01_SC006a,1,1,8,"Chân dung đồ họa 2D của tỷ phú Andrew Carnegie với ánh nhìn sắc sảo, nghiêm nghị.","steady shot showing a 2D graphic novel portrait of an old, wise steel tycoon with a white beard, looking forward thoughtfully while wearing a formal dark suit, set against a rich teal and gold gradient background. Symmetrical layout, dramatic chiaroscuro lighting. minimalist graphic novel ink style, high contrast, bold outlines, flat colors, vibrant color palette, cinematic lighting, 8-second continuous documentary video --ar 16:9"
CH01_SC006b,1,1,7,"Trang nhật ký viết tay cũ kỹ của Carnegie lật mở, không có nét chữ nào nhắc đến Hill.","slow camera panning showing a flat 2D vector graphic of the open pages of a vintage handwritten diary, with blank lines under a dim spotlight, on a solid dark gray background. Soft warm lighting, clean outlines. flat 2D vector illustration style, clean bold outlines, flat colors, vibrant color palette, cinematic lighting, 8-second continuous documentary video --ar 16:9"
CH01_SC006c,1,1,6,"Silhouette một người đàn ông đội mũ phớt che nửa mặt đi vào bóng tối đường phố.","slow camera tracking shot showing the clean black silhouette of a man wearing a fedora hat walking away from the camera down a dark street, disappearing into the shadows, set against a dark violet and magenta gradient background. Moody backlight, deep silhouettes. minimalist graphic novel ink style, high contrast, bold outlines, flat colors, vibrant color palette, cinematic lighting, 8-second continuous documentary video --ar 16:9"
CH01_SC006d,1,1,5,"Căn phòng làm việc cổ kính, sang trọng tại New York với thảm đỏ và ghế da lớn.","steady shot showing an empty, grand vintage office with dark wood paneling, a large leather chair, a red carpet, and a large desk under a warm lamp, set against a dark teal and amber gradient background. Symmetrical composition, soft warm lighting. minimalist graphic novel ink style, high contrast, bold outlines, flat colors, vibrant color palette, cinematic lighting, 8-second continuous documentary video --ar 16:9"
CH01_SC006e,1,1,7,"Căn phòng làm việc cổ kính, sang trọng tại New York với thảm đỏ và ghế da lớn.","slow camera panning showing the exterior silhouette of a massive stone castle situated on a misty slope under a dark, starry European night sky, set against a dark indigo and blue gradient background. Moody backlight, deep silhouettes. minimalist graphic novel ink style, high contrast, bold outlines, flat colors, vibrant color palette, cinematic lighting, 8-second continuous documentary video --ar 16:9"
CH01_SC006f,1,1,7,"Silhouette một người đàn ông đội mũ phớt che nửa mặt đi vào bóng tối đường phố.","steady shot showing the clean black silhouette of a man wearing a fedora standing under a flickering street lamp, looking down at his empty hands, set against a dark gray and orange gradient background. Symmetrical layout, dramatic chiaroscuro. minimalist graphic novel ink style, high contrast, bold outlines, flat colors, vibrant color palette, cinematic lighting, 8-second continuous documentary video --ar 16:9"
CH01_SC007a,1,1,6,"Tấm mặt nạ kịch nghệ mỉm cười che đi khuôn mặt lo âu, tội lỗi phía sau.","steady shot showing the clean black silhouette of a theater mask with a wide smiling face, slowly cracking to reveal a pair of anxious, worried eyes peering out from behind it, set against a dark red and black gradient background. Symmetrical layout, dramatic chiaroscuro lighting. minimalist graphic novel ink style, high contrast, bold outlines, flat colors, vibrant color palette, cinematic lighting, 8-second continuous documentary video --ar 16:9"
CH01_SC007b,1,1,5,"Tấm mặt nạ kịch nghệ mỉm cười che đi khuôn mặt lo âu, tội lỗi phía sau.","slow camera panning showing a flat 2D vector graphic of a theater mask with a big smile, sitting on a pile of crumbled arrest warrants and legal papers, on a solid dark gray background. Soft warm lighting, high contrast. flat 2D vector illustration style, clean bold outlines, flat colors, vibrant color palette, cinematic lighting, 8-second continuous documentary video --ar 16:9"
CH01_SC008a,1,1,3,"Đồ họa vector tối giản logo kênh Tâm Lý Học với biểu tượng não bộ và nút đăng ký đỏ.","steady shot showing a flat 2D vector graphic of the channel logo, a stylized human brain emitting soft glowing waves next to a bright red ""SUBSCRIBE"" button, on a solid dark gray background. Symmetrical composition, clean outlines. flat 2D vector illustration style, clean bold outlines, flat colors, vibrant color palette, cinematic lighting, 8-second continuous documentary video --ar 16:9"
CH01_SC008b,1,1,8,"Bức tranh ẩn dụ 2D nghệ thuật tâm lý, bóng đen con người và các luồng sáng màu gradient rực rỡ thể hiện nội dung: Nếu bạn đã mệt mỏi với những công thức làm giàu siêu hình và muốn tìm con đường thấu hiểu bản thân thực tế.","slow camera tracking shot showing the clean black silhouette of a person walking on a path of white light, surrounded by chaotic glowing energy lines and abstract symbols of success, set against a dark teal and violet gradient background. Moody backlight, deep silhouettes. minimalist graphic novel ink style, high contrast, bold outlines, flat colors, vibrant color palette, cinematic lighting, 8-second continuous documentary video --ar 16:9"
CH01_SC008c,1,2,8,"Đồ họa vector tối giản logo kênh Tâm Lý Học với biểu tượng não bộ và nút đăng ký đỏ.","slow camera panning showing a flat 2D vector graphic of a hand clicking a bright red ""SUBSCRIBE"" button on a clean white user interface screen, on a solid dark gray background. Symmetrical layout, soft warm lighting. flat 2D vector illustration style, clean bold outlines, flat colors, vibrant color palette, cinematic lighting, 8-second continuous documentary video --ar 16:9"
CH01_SC008d,1,1,5,"Bộ não người phát ra các tia sét sóng điện sinh học méo mó, không đồng đều.","steady shot showing a flat 2D vector illustration of a human brain with erratic, uneven electric lightning bolts radiating from it, set against a dark purple and indigo background. High contrast, cinematic lighting. flat 2D vector illustration style, clean bold outlines, flat colors, vibrant color palette, cinematic lighting, 8-second continuous documentary video --ar 16:9"
CH01_SC008e,1,1,5,"Cuốn sách ""Think and Grow Rich"" phát ra ánh sáng vàng ấm áp ru ngủ một người đang ngủ say.","steady medium shot showing the clean black silhouette of a person sleeping peacefully in a bed, with a glowing self-help book on a nightstand casting warm golden rays over the room, set against a dark indigo gradient background. Moody lighting, deep shadows. minimalist graphic novel ink style, high contrast, bold outlines, flat colors, vibrant color palette, cinematic lighting, 8-second continuous documentary video --ar 16:9"
CH01_SC009a,1,1,6,"Chân dung đồ họa 2D của tỷ phú Andrew Carnegie với ánh nhìn sắc sảo, nghiêm nghị.","steady shot showing a 2D graphic novel illustration of a grand statue of a wealthy industrialist, which is slowly cracking and crumbling into dust, set against a dark amber and gray gradient background. Symmetrical layout, dramatic chiaroscuro lighting. minimalist graphic novel ink style, high contrast, bold outlines, flat colors, vibrant color palette, cinematic lighting, 8-second continuous documentary video --ar 16:9"
CH01_SC009b,1,1,5,"Bộ lọc lưới hình học màu xám bị gãy nứt, để các hạt bụi ý nghĩ trôi qua tự do.","steady shot showing a flat 2D vector graphic of a grey mesh filter with large cracks, letting tiny bright yellow glowing particles drift through unchecked, set against a solid dark gray background. Symmetrical composition, high contrast. flat 2D vector illustration style, clean bold outlines, flat colors, vibrant color palette, cinematic lighting, 8-second continuous documentary video --ar 16:9"
CH01_SC009c,1,1,7,"Bộ lọc lưới hình học màu xám bị gãy nứt, để các hạt bụi ý nghĩ trôi qua tự do.","slow camera panning showing a flat 2D vector graphic of a brain outline with a broken padlock symbol next to it, with glowing yellow dust particles flowing inside, on a solid dark gray background. Soft warm lighting, clean outlines. flat 2D vector illustration style, clean bold outlines, flat colors, vibrant color palette, cinematic lighting, 8-second continuous documentary video --ar 16:9"
CH01_SC009d,1,1,3,"Silhouette một người đàn ông đội mũ phớt che nửa mặt đi vào bóng tối đường phố.","slow camera panning showing the clean black silhouette of a clever author looking through a magnifying glass at a map of human psychology, set against a dark teal and orange gradient background. Moody backlight, deep silhouettes. minimalist graphic novel ink style, high contrast, bold outlines, flat colors, vibrant color palette, cinematic lighting, 8-second continuous documentary video --ar 16:9"
CH01_SC009e,1,1,8,"Bức tranh ẩn dụ 2D nghệ thuật tâm lý, bóng đen con người và các luồng sáng màu gradient rực rỡ thể hiện nội dung: Ông biết rằng để bán được một công thức thành công mơ hồ, ông cần những nhân chứng khổng lồ đứng đỡ sau lưng.","slow camera tracking shot showing the clean black silhouette of a man walking on a tightrope held up by two giant stone hands in the sky, set against a dark violet and magenta gradient background. Moody backlight, deep silhouettes. minimalist graphic novel ink style, high contrast, bold outlines, flat colors, vibrant color palette, cinematic lighting, 8-second continuous documentary video --ar 16:9"
CH01_SC009f,1,1,6,"Bóng đen vĩ nhân đứng trên bục cao chống đỡ bởi những cột gỗ mục nát.","steady shot showing the clean black silhouette of a grand statue of an industrialist standing on a tall marble pedestal that is supported by rotting, splitting wooden columns, set against a dark orange and black gradient background. Symmetrical composition, dramatic chiaroscuro. minimalist graphic novel ink style, high contrast, bold outlines, flat colors, vibrant color palette, cinematic lighting, 8-second continuous documentary video --ar 16:9"
CH01_SC009g,1,1,5,"Bức tranh ẩn dụ 2D nghệ thuật tâm lý, bóng đen con người và các luồng sáng màu gradient rực rỡ thể hiện nội dung: Bằng những trò dàn dựng truyền thông khôn ngoan nhất của thế kỷ hai mươi.","slow camera panning showing the clean black silhouette of a man controlling a giant printing press that is printing newspapers with headlines in English, set against a dark navy and gold gradient background. Moody backlight, deep silhouettes. minimalist graphic novel ink style, high contrast, bold outlines, flat colors, vibrant color palette, cinematic lighting, 8-second continuous documentary video --ar 16:9"
CH01_SC010a,1,1,8,"Silhouette một người đàn ông đội mũ phớt che nửa mặt đi vào bóng tối đường phố.","slow camera tracking shot showing the clean black silhouette of a puppet master holding wooden controls with thin strings extending downwards into dark space, set against a dark violet and amber gradient background. Moody lighting, deep shadows. minimalist graphic novel ink style, high contrast, bold outlines, flat colors, vibrant color palette, cinematic lighting, 8-second continuous documentary video --ar 16:9"
CH02_SC001a,2,1,8,"Bức tranh ẩn dụ 2D nghệ thuật tâm lý, bóng đen con người và các luồng sáng màu gradient rực rỡ thể hiện nội dung: Ý tưởng tự gán ghép giá trị của bản thân vào các tên tuổi lừng lẫy không phải là một phát minh mới của thời đại mạng xã hội.","slow camera panning showing the clean black silhouette of a person trying to attach their shadow to giant stone busts of famous leaders, set against a dark teal and violet gradient background. Moody backlight, deep silhouettes. minimalist graphic novel ink style, high contrast, bold outlines, flat colors, vibrant color palette, cinematic lighting, 8-second continuous documentary video --ar 16:9"
CH02_SC001b,2,1,8,"Silhouette một người đàn ông đội mũ phớt che nửa mặt đi vào bóng tối đường phố.","steady shot showing the clean black silhouette of a man wearing a fedora looking at himself in a mirror, where his reflection is wearing a crown, set against a dark purple and gold gradient background. Symmetrical layout, dramatic chiaroscuro. minimalist graphic novel ink style, high contrast, bold outlines, flat colors, vibrant color palette, cinematic lighting, 8-second continuous documentary video --ar 16:9"
CH02_SC002a,2,1,8,"Silhouette một người đàn ông đội mũ phớt che nửa mặt đi vào bóng tối đường phố.","slow camera tracking shot showing the clean black silhouette of a man in a coat slipping through a crowd of silhouette business executives towards a bright area where a famous inventor stands under a glowing light bulb, set against a dark blue and amber gradient background. Moody backlight, deep silhouettes. minimalist graphic novel ink style, high contrast, bold outlines, flat colors, vibrant color palette, cinematic lighting, 8-second continuous documentary video --ar 16:9"
CH02_SC002b,2,1,7,"Napoleon Hill trao chiếc huy chương vàng cho Thomas Edison, ánh đèn flash máy ảnh bùng sáng.","slow camera panning showing the clean black silhouette of a man handing a large, glowing gold medal to an old inventor holding a light bulb, under a sudden bright flash of light, set against a dark teal gradient background. Moody backlight, deep silhouettes. minimalist graphic novel ink style, high contrast, bold outlines, flat colors, vibrant color palette, cinematic lighting, 8-second continuous documentary video --ar 16:9"
CH02_SC002c,2,1,5,"Napoleon Hill trao chiếc huy chương vàng cho Thomas Edison, ánh đèn flash máy ảnh bùng sáng.","steady close-up shot showing a flat 2D graphic of a hand placing a golden medal with a large star engraved on it into another hand, on a solid dark gray background. Soft warm lighting, clean outlines. flat 2D vector illustration style, clean bold outlines, flat colors, vibrant color palette, cinematic lighting, 8-second continuous documentary video --ar 16:9"
CH02_SC002d,2,1,5,"Bức tranh ẩn dụ 2D nghệ thuật tâm lý, bóng đen con người và các luồng sáng màu gradient rực rỡ thể hiện nội dung: Ông báo hiệu cho nhiếp ảnh gia thuê sẵn bấm máy thật nhanh.","steady shot showing a vintage bellows camera with a big flash bulb popping, emitting a bright white flash of light, set against a dark gray background. High contrast, clean outlines. flat 2D vector illustration style, clean bold outlines, flat colors, vibrant color palette, cinematic lighting, 8-second continuous documentary video --ar 16:9"
CH02_SC002e,2,1,8,"Napoleon Hill trao chiếc huy chương vàng cho Thomas Edison, ánh đèn flash máy ảnh bùng sáng.","steady shot showing the clean black silhouette of an old inventor handing back a medal to a writer and pointing towards the exit, in a dark conference hall, set against a moody dark teal and gold gradient background. Symmetrical composition, dramatic chiaroscuro. minimalist graphic novel ink style, high contrast, bold outlines, flat colors, vibrant color palette, cinematic lighting, 8-second continuous documentary video --ar 16:9"
CH02_SC002f,2,1,5,"Bức tranh ẩn dụ 2D nghệ thuật tâm lý, bóng đen con người và các luồng sáng màu gradient rực rỡ thể hiện nội dung: Nhưng cú bấm máy chớp nhoáng đó đã hoàn thành nhiệm vụ của nó.","steady shot showing a photographic paper submerged in a tray of developer liquid, slowly revealing the black-and-white silhouette of two men shaking hands, set against a dark solid background. High contrast, clean outlines. flat 2D vector illustration style, clean bold outlines, flat colors, vibrant color palette, cinematic lighting, 8-second continuous documentary video --ar 16:9"
CH02_SC002g,2,1,6,"Napoleon Hill trao chiếc huy chương vàng cho Thomas Edison, ánh đèn flash máy ảnh bùng sáng.","steady shot showing a pair of scissors cutting a printed photograph, focusing only on the section where the two men are close together, on a solid dark gray background. Clean outlines, high contrast. flat 2D vector illustration style, clean bold outlines, flat colors, vibrant color palette, cinematic lighting, 8-second continuous documentary video --ar 16:9"
CH02_SC002h,2,1,4,"Bức tranh ẩn dụ 2D nghệ thuật tâm lý, bóng đen con người và các luồng sáng màu gradient rực rỡ thể hiện nội dung: Hill in trang trọng nó trong sách như bằng chứng đanh thép.","steady shot showing a vintage self-help book opening to a page showing a printed black-and-white photo of two men, under a warm desk lamp, set against a dark amber gradient background. Symmetrical composition, soft warm lighting. minimalist graphic novel ink style, high contrast, bold outlines, flat colors, vibrant color palette, cinematic lighting, 8-second continuous documentary video --ar 16:9"
CH02_SC002i,2,1,6,"Bức tranh ẩn dụ 2D nghệ thuật tâm lý, bóng đen con người và các luồng sáng màu gradient rực rỡ thể hiện nội dung: Ông muốn chứng minh nhà phát minh vĩ đại bảo chứng cho công thức của mình.","steady shot showing a glowing gold stamp with the word ""APPROVED"" stamping onto a document, with bright yellow sparks flying, on a solid dark gray background. Clean outlines, high contrast. flat 2D vector illustration style, clean bold outlines, flat colors, vibrant color palette, cinematic lighting, 8-second continuous documentary video --ar 16:9"
CH02_SC003a,2,1,4,"Bức tranh ẩn dụ 2D nghệ thuật tâm lý, bóng đen con người và các luồng sáng màu gradient rực rỡ thể hiện nội dung: Sự dàn dựng này không dừng lại ở giới khoa học.","steady shot showing the silhouette of a theater stage with red velvet curtains opening to reveal a model of the White House, set against a dark indigo and gold gradient background. Symmetrical layout, soft warm lighting. minimalist graphic novel ink style, high contrast, bold outlines, flat colors, vibrant color palette, cinematic lighting, 8-second continuous documentary video --ar 16:9"
CH02_SC003b,2,1,6,"Silhouette một người đàn ông đội mũ phớt che nửa mặt đi vào bóng tối đường phố.","steady shot showing the clean black silhouette of a man looking at his shadow, which is wearing a presidential sash, set against a dark purple and coral gradient background. Symmetrical composition, dramatic chiaroscuro. minimalist graphic novel ink style, high contrast, bold outlines, flat colors, vibrant color palette, cinematic lighting, 8-second continuous documentary video --ar 16:9"
CH02_SC003c,2,1,5,"Cổng sắt Nhà Trắng đóng kín dưới cơn mưa đêm lạnh lẽo, đèn cửa sổ màu xanh.","steady shot showing the massive iron gates of the White House closed under a cold night rain, with a single window glowing with a green light, set against a dark blue and teal gradient background. Moody backlight, soft reflections. minimalist graphic novel ink style, high contrast, bold outlines, flat colors, vibrant color palette, cinematic lighting, 8-second continuous documentary video --ar 16:9"
CH02_SC003d,2,1,8,"Cổng sắt Nhà Trắng đóng kín dưới cơn mưa đêm lạnh lẽo, đèn cửa sổ màu xanh.","steady shot showing a vintage typewriter with a page containing the English text ""WAR SPEECH"" and ""NEW DEAL"" being typed, under a warm light, on a solid dark gray background. Clean outlines, high contrast. flat 2D vector illustration style, clean bold outlines, flat colors, vibrant color palette, cinematic lighting, 8-second continuous documentary video --ar 16:9"
CH02_SC004a,2,1,8,"Nhà sử học cúi đầu tra cứu đống tài liệu lưu trữ cũ kỹ trong thư viện tối.","steady medium shot showing the clean black silhouette of a historian wearing glasses, leafing through large boxes of old paper documents in a dark library archive room under a single hanging lamp, set against a dark teal and gray gradient background. Symmetrical composition, dramatic chiaroscuro. minimalist graphic novel ink style, high contrast, bold outlines, flat colors, vibrant color palette, cinematic lighting, 8-second continuous documentary video --ar 16:9"
CH02_SC005a,2,1,3,"Cổng sắt Nhà Trắng đóng kín dưới cơn mưa đêm lạnh lẽo, đèn cửa sổ màu xanh.","steady shot showing a massive stone library building with a sign saying ""PRESIDENTIAL LIBRARY"" in English, set against a dark blue and amber gradient background. Symmetrical layout, soft warm lighting. flat 2D vector illustration style, clean bold outlines, flat colors, vibrant color palette, cinematic lighting, 8-second continuous documentary video --ar 16:9"
CH02_SC005b,2,1,8,"Trang nhật ký viết tay cũ kỹ của Carnegie lật mở, không có nét chữ nào nhắc đến Hill.","steady shot showing a large ledger book with official seal stamps opening and flipping pages rapidly under a warm light, on a solid dark gray background. Clean outlines, high contrast. flat 2D vector illustration style, clean bold outlines, flat colors, vibrant color palette, cinematic lighting, 8-second continuous documentary video --ar 16:9"
CH02_SC005c,2,1,5,"Silhouette một người đàn ông đội mũ phớt che nửa mặt đi vào bóng tối đường phố.","steady shot showing a magnifying glass scanning a list of names, with a red strike-through line appearing over the search area, on a solid dark gray background. Clean outlines, high contrast. flat 2D vector illustration style, clean bold outlines, flat colors, vibrant color palette, cinematic lighting, 8-second continuous documentary video --ar 16:9"
CH02_SC005d,2,1,4,"Cổng sắt Nhà Trắng đóng kín dưới cơn mưa đêm lạnh lẽo, đèn cửa sổ màu xanh.","steady shot showing the silhouette of a man in a suit writing at a large wooden desk inside a circular office, with a large window showing a garden outside, set against a dark violet and amber gradient background. Moody lighting, deep shadows. minimalist graphic novel ink style, high contrast, bold outlines, flat colors, vibrant color palette, cinematic lighting, 8-second continuous documentary video --ar 16:9"
CH02_SC005e,2,2,8,"Silhouette một người đàn ông đội mũ phớt che nửa mặt đi vào bóng tối đường phố.","steady shot showing a vintage hardback book with the English title ""MEMOIRS 1939"" sitting on a desk, slowly opening to reveal blank pages, set against a dark teal gradient background. Symmetrical composition, soft warm lighting. flat 2D vector illustration style, clean bold outlines, flat colors, vibrant color palette, cinematic lighting, 8-second continuous documentary video --ar 16:9"
CH02_SC005f,2,1,6,"Cổng sắt Nhà Trắng đóng kín dưới cơn mưa đêm lạnh lẽo, đèn cửa sổ màu xanh.","steady shot showing a metal filing cabinet drawer pulling open, with folders labeled ""OFFICIAL CORRESPONDENCE 1917"" in English, on a solid dark gray background. Clean outlines, high contrast. flat 2D vector illustration style, clean bold outlines, flat colors, vibrant color palette, cinematic lighting, 8-second continuous documentary video --ar 16:9"
CH02_SC005g,2,1,4,"Cổng sắt Nhà Trắng đóng kín dưới cơn mưa đêm lạnh lẽo, đèn cửa sổ màu xanh.","steady shot showing a paper crown sitting on a desk under a harsh blue spotlight, slowly crumpling and collapsing, set against a dark charcoal gradient background. Symmetrical composition, high contrast. flat 2D vector illustration style, clean bold outlines, flat colors, vibrant color palette, cinematic lighting, 8-second continuous documentary video --ar 16:9"
CH02_SC005h,2,1,8,"Bức tranh ẩn dụ 2D nghệ thuật tâm lý, bóng đen con người và các luồng sáng màu gradient rực rỡ thể hiện nội dung: Đó là sản phẩm hư cấu do Hill thêu dệt để bán niềm tin cho những người đang tuyệt vọng tìm lối thoát tài chính.","steady shot showing the clean black silhouette of a man standing on a stage blowing glowing gold bubbles into a crowd of silhouettes holding empty bowls, set against a dark purple and gold gradient background. Moody backlight, deep silhouettes. minimalist graphic novel ink style, high contrast, bold outlines, flat colors, vibrant color palette, cinematic lighting, 8-second continuous documentary video --ar 16:9"
CH02_SC006a,2,1,7," Silhouette người đàn ông ngồi co chân trên sàn nhà tối tăm, ôm đầu lo âu.","steady shot showing the clean black silhouette of a man sitting huddled on the floor of a dark room, hugging his knees in anxiety, under a cold blue spotlight, set against a dark navy gradient background. Moody lighting, deep shadows. minimalist graphic novel ink style, high contrast, bold outlines, flat colors, vibrant color palette, cinematic lighting, 8-second continuous documentary video --ar 16:9"
CH02_SC006b,2,1,8," Silhouette người đàn ông ngồi co chân trên sàn nhà tối tăm, ôm đầu lo âu.","slow camera panning showing the clean black silhouette of a person standing at a crossroads in a dark forest, with multiple pathways winding into the shadows, set against a dark violet and gray gradient background. Moody backlight, deep silhouettes. minimalist graphic novel ink style, high contrast, bold outlines, flat colors, vibrant color palette, cinematic lighting, 8-second continuous documentary video --ar 16:9"
CH02_SC006c,2,1,8,"Bóng đen khổng lồ của một thẩm phán cầm búa gỗ ngự trị trên nền sáng.","steady shot showing the giant clean black silhouette of a judge holding a wooden gavel, towering over a group of tiny silhouettes looking upwards, set against a bright yellow and dark teal gradient background. Symmetrical composition, high contrast. minimalist graphic novel ink style, high contrast, bold outlines, flat colors, vibrant color palette, cinematic lighting, 8-second continuous documentary video --ar 16:9"
CH02_SC006d,2,1,8,"Napoleon Hill trao chiếc huy chương vàng cho Thomas Edison, ánh đèn flash máy ảnh bùng sáng.","slow camera panning showing a flat 2D vector graphic of three glowing seals of approval with signatures of an inventor and a president, stamped on a document, on a solid dark gray background. Soft warm lighting, clean outlines. flat 2D vector illustration style, clean bold outlines, flat colors, vibrant color palette, cinematic lighting, 8-second continuous documentary video --ar 16:9"
CH02_SC006e,2,1,8,"Một chiếc hố đen hút những đồng tiền vàng vào hư vô.","steady shot showing a dark, swirling black hole in the center of the screen, slowly drawing in glowing gold coins and open books, set against a dark purple and indigo gradient background. High contrast, cosmic lighting. flat 2D vector illustration style, clean bold outlines, flat colors, vibrant color palette, cinematic lighting, 8-second continuous documentary video --ar 16:9"
CH02_SC006f,2,1,8,"Bức tranh ẩn dụ 2D nghệ thuật tâm lý, bóng đen con người và các luồng sáng màu gradient rực rỡ thể hiện nội dung: Họ sẵn sàng bỏ qua những mâu thuẫn hiển nhiên trong sách chỉ để bảo vệ niềm tin rằng mình đang sở hữu bí mật của những bộ óc vĩ đại nhất lịch sử.","steady shot showing the clean black silhouette of a person wearing a blindfold, walking happily towards a cliff while clutching a glowing book to their chest, set against a dark red and gold gradient background. Moody backlight, deep silhouettes. minimalist graphic novel ink style, high contrast, bold outlines, flat colors, vibrant color palette, cinematic lighting, 8-second continuous documentary video --ar 16:9"
CH02_SC007a,2,1,3,"Bức tranh ẩn dụ 2D nghệ thuật tâm lý, bóng đen con người và các luồng sáng màu gradient rực rỡ thể hiện nội dung: Nền tảng lịch sử đã lung lay.","steady shot showing the clean black silhouette of a grand stone temple with columns, cracking and collapsing in slow motion, set against a dark orange and black gradient background. Symmetrical layout, dramatic chiaroscuro. minimalist graphic novel ink style, high contrast, bold outlines, flat colors, vibrant color palette, cinematic lighting, 8-second continuous documentary video --ar 16:9"
CH02_SC007b,2,1,7,"Bức tranh ẩn dụ 2D nghệ thuật tâm lý, bóng đen con người và các luồng sáng màu gradient rực rỡ thể hiện nội dung: Vậy cơ chế 'khoa học sóng não' mà Hill tự xưng có vững chắc dưới lăng kính vật lý sinh học?","steady shot showing a flat 2D vector graphic of a human brain with neon green electromagnetic wave lines radiating, under a magnifying glass, set against a solid dark gray background. Soft warm lighting, clean outlines. flat 2D vector illustration style, clean bold outlines, flat colors, vibrant color palette, cinematic lighting, 8-second continuous documentary video --ar 16:9"
CH03_SC001a,3,1,6,"Silhouette một người đàn ông đội mũ phớt che nửa mặt đi vào bóng tối đường phố.","steady shot showing the clean black silhouette of a man wearing a fedora sitting at a desk under a desk lamp, writing in a large notebook, set against a dark teal and violet gradient background. Moody backlight, deep silhouettes. minimalist graphic novel ink style, high contrast, bold outlines, flat colors, vibrant color palette, cinematic lighting, 8-second continuous documentary video --ar 16:9"
CH03_SC001b,3,1,6,"Bộ não phát ra các sóng từ trường dạng vòng tròn lan tỏa vào không gian tối.","steady shot showing a flat 2D vector graphic of a human brain silhouette with circular electromagnetic wave rings expanding outward into dark space, on a solid dark gray background. Symmetrical composition, clean outlines. flat 2D vector illustration style, clean bold outlines, flat colors, vibrant color palette, cinematic lighting, 8-second continuous documentary video --ar 16:9"
CH03_SC001c,3,1,3,"Bức tranh ẩn dụ 2D nghệ thuật tâm lý, bóng đen con người và các luồng sáng màu gradient rực rỡ thể hiện nội dung: Hill lập luận như sau.","steady shot showing the clean black silhouette of a man standing before a blackboard covered with complex, glowing math equations, set against a dark violet and magenta gradient background. Symmetrical layout, dramatic chiaroscuro lighting. minimalist graphic novel ink style, high contrast, bold outlines, flat colors, vibrant color palette, cinematic lighting, 8-second continuous documentary video --ar 16:9"
CH03_SC001d,3,1,8,"Trạm phát sóng vô tuyến cổ điển với các tia sét tín hiệu truyền đi trong đêm.","steady shot showing the clean black silhouette of a tall vintage radio transmission tower atop a mountain cliff in the dark of night, sending out electric blue lightning bolt waves into the sky, set against a dark blue and amber gradient background. Moody backlight, deep silhouettes. minimalist graphic novel ink style, high contrast, bold outlines, flat colors, vibrant color palette, cinematic lighting, 8-second continuous documentary video --ar 16:9"
CH03_SC001e,3,1,6,"Bức tranh ẩn dụ 2D nghệ thuật tâm lý, bóng đen con người và các luồng sáng màu gradient rực rỡ thể hiện nội dung: Từ đó, nó thu hút cơ hội và nguồn lực vật lý tương ứng quay trở lại.","slow camera panning showing the clean black silhouette of a person standing on a cliff side, holding out open arms as glowing green paper bills and dollar signs fly towards them through the night air, set against a dark teal gradient background. Moody backlight, deep silhouettes. minimalist graphic novel ink style, high contrast, bold outlines, flat colors, vibrant color palette, cinematic lighting, 8-second continuous documentary video --ar 16:9"
CH03_SC001f,3,1,8,"Bóng đen người đàn ông ngồi thiền, các đường hào quang ảo ảnh tỏa ra xung quanh.","steady shot showing the clean black silhouette of a person sitting cross-legged in meditation, surrounded by concentric circles of glowing yellow light that form a portal, set against a dark purple and gold gradient background. Symmetrical layout, glowing backlight. minimalist graphic novel ink style, high contrast, bold outlines, flat colors, vibrant color palette, cinematic lighting, 8-second continuous documentary video --ar 16:9"
CH03_SC002a,3,1,8,"Đồ họa vector cấu trúc nơ-ron thần kinh phát ra các xung điện màu xanh cyan.","steady shot showing a flat 2D vector graphic of a network of neuron cells with bright cyan electrical signals flashing along the synaptic pathways, on a solid dark gray background. Clean outlines, high contrast. flat 2D vector illustration style, clean bold outlines, flat colors, vibrant color palette, cinematic lighting, 8-second continuous documentary video --ar 16:9"
CH03_SC003a,3,1,8,"Máy EEG cổ điển năm 1924 với cuộn giấy chạy ra các đường đồ thị dao động liên tục.","slow camera panning showing a flat 2D vector graphic of a vintage 1920s EEG machine with a paper roll scrolling forward, drawing black squiggly lines representing brainwaves, on a solid dark gray background. Soft warm lighting, clean outlines. flat 2D vector illustration style, clean bold outlines, flat colors, vibrant color palette, cinematic lighting, 8-second continuous documentary video --ar 16:9"
CH03_SC003b,3,1,8,"Bức tranh ẩn dụ 2D nghệ thuật tâm lý, bóng đen con người và các luồng sáng màu gradient rực rỡ thể hiện nội dung: Phát kiến vĩ đại này chứng minh rằng tế bào thần kinh giao tiếp với nhau bằng các tín hiệu điện sinh học.","steady shot showing the clean black silhouette of two hands reaching towards each other, with electric blue sparks jumping between the fingertips, set against a dark indigo and teal gradient background. Symmetrical composition, soft backlight. minimalist graphic novel ink style, high contrast, bold outlines, flat colors, vibrant color palette, cinematic lighting, 8-second continuous documentary video --ar 16:9"
CH03_SC003c,3,1,8,"Máy EEG cổ điển năm 1924 với cuộn giấy chạy ra các đường đồ thị dao động liên tục.","slow camera panning showing a flat 2D vector graphic of a magnifying glass inspecting a tiny, flat, barely wavy line on a graph paper, on a solid dark gray background. Soft warm lighting, clean outlines. flat 2D vector illustration style, clean bold outlines, flat colors, vibrant color palette, cinematic lighting, 8-second continuous documentary video --ar 16:9"
CH03_SC003d,3,1,8,"Các hạt ion ion Na+ và Ca2+ phát sáng di chuyển qua màng tế bào vỏ não.","steady shot showing a flat 2D vector graphic of a cell membrane with tiny glowing green spheres labeled ""Na+"" and blue spheres labeled ""Ca2+"" flowing through microscopic channels, on a solid dark gray background. Clean outlines, high contrast. flat 2D vector illustration style, clean bold outlines, flat colors, vibrant color palette, cinematic lighting, 8-second continuous documentary video --ar 16:9"
CH03_SC003e,3,1,5,"Các hạt ion ion Na+ và Ca2+ phát sáng di chuyển qua màng tế bào vỏ não.","steady shot showing a flat 2D vector graphic showing positive and negative charge signs (+ and -) separated by a small gap, with glowing lines of force connecting them, on a solid dark gray background. Symmetrical layout, soft warm lighting. flat 2D vector illustration style, clean bold outlines, flat colors, vibrant color palette, cinematic lighting, 8-second continuous documentary video --ar 16:9"
CH03_SC004a,3,1,6,"Đồ họa vector la bàn nhỏ với kim nam châm dao động cực kỳ yếu ớt.","steady shot showing a flat 2D vector graphic of a small pocket compass with its metal needle trembling ever so slightly, on a solid dark gray background. Symmetrical layout, soft warm lighting. flat 2D vector illustration style, clean bold outlines, flat colors, vibrant color palette, cinematic lighting, 8-second continuous documentary video --ar 16:9"
CH03_SC004b,3,1,7,"Đồ họa vector la bàn nhỏ với kim nam châm dao động cực kỳ yếu ớt.","slow camera panning showing a flat 2D vector graphic of a digital display showing a tiny decimal value like ""0.000000000001 Tesla"" in neon green text, on a solid dark gray background. Clean outlines, high contrast. flat 2D vector illustration style, clean bold outlines, flat colors, vibrant color palette, cinematic lighting, 8-second continuous documentary video --ar 16:9"
CH03_SC004c,3,1,8,"Đồ họa vector la bàn nhỏ với kim nam châm dao động cực kỳ yếu ớt.","steady shot showing a flat 2D vector graphic of a glowing blue globe of Earth with large magnetic field lines surrounding it, on a solid dark gray background. Symmetrical composition, soft warm lighting. flat 2D vector illustration style, clean bold outlines, flat colors, vibrant color palette, cinematic lighting, 8-second continuous documentary video --ar 16:9"
CH03_SC004d,3,1,8,"Đồ họa vector la bàn nhỏ với kim nam châm dao động cực kỳ yếu ớt.","steady shot showing a flat 2D vector graphic showing a massive balance scale, with a giant glowing Earth on one side tilting it down completely, and a tiny brain outline on the other side high up in the air, on a solid dark gray background. Symmetrical composition, high contrast. flat 2D vector illustration style, clean bold outlines, flat colors, vibrant color palette, cinematic lighting, 8-second continuous documentary video --ar 16:9"
CH03_SC004e,3,1,8,"Đồ họa vector la bàn nhỏ với kim nam châm dao động cực kỳ yếu ớt.","steady shot showing a flat 2D vector graphic of a red and blue horseshoe magnet pulling a small metal paperclip, on a solid dark gray background. Clean outlines, high contrast. flat 2D vector illustration style, clean bold outlines, flat colors, vibrant color palette, cinematic lighting, 8-second continuous documentary video --ar 16:9"
CH03_SC005a,3,1,8,"Đồ họa vector la bàn nhỏ với kim nam châm dao động cực kỳ yếu ớt.","steady shot showing a flat 2D vector graphic of a wave signal starting thick and rapidly fading into a flat straight line, on a solid dark gray background. Clean outlines, high contrast. flat 2D vector illustration style, clean bold outlines, flat colors, vibrant color palette, cinematic lighting, 8-second continuous documentary video --ar 16:9"
CH03_SC005b,3,1,5,"Bóng đen mặt cắt sọ người, các tia điện ion cố thoát ra ngoài nhưng lập tức tan biến.","steady shot showing the clean black silhouette of a human head in profile, with glowing blue spark lines starting inside the brain but stopping abruptly at the skull boundary and fading away, set against a dark teal gradient background. Moody lighting, deep shadows. minimalist graphic novel ink style, high contrast, bold outlines, flat colors, vibrant color palette, cinematic lighting, 8-second continuous documentary video --ar 16:9"
CH03_SC005c,3,1,5,"Các hạt ion ion Na+ và Ca2+ phát sáng di chuyển qua màng tế bào vỏ não.","steady shot showing a flat 2D vector graphic of a glowing green particle colliding with a solid grey wall and dissolving into tiny dark dust specks, on a solid dark gray background. Symmetrical composition, high contrast. flat 2D vector illustration style, clean bold outlines, flat colors, vibrant color palette, cinematic lighting, 8-second continuous documentary video --ar 16:9"
CH03_SC005d,3,1,6,"Bức tranh ẩn dụ 2D nghệ thuật tâm lý, bóng đen con người và các luồng sáng màu gradient rực rỡ thể hiện nội dung: Nó bị hòa lẫn vào tiếng ồn điện từ khổng lồ của môi trường xung quanh.","steady shot showing the silhouette of a single person standing in a chaotic storm of multicolored television static waves and abstract noise patterns, set against a dark violet gradient background. Symmetrical layout, dramatic chiaroscuro. minimalist graphic novel ink style, high contrast, bold outlines, flat colors, vibrant color palette, cinematic lighting, 8-second continuous documentary video --ar 16:9"
CH03_SC005e,3,1,5,"Đồ họa vector la bàn nhỏ với kim nam châm dao động cực kỳ yếu ớt.","steady shot showing a flat 2D vector graphic of a robotic sensor arm pointing towards a person standing a few steps away, with a red question mark symbol flashing on its display screen, on a solid dark gray background. Clean outlines, high contrast. flat 2D vector illustration style, clean bold outlines, flat colors, vibrant color palette, cinematic lighting, 8-second continuous documentary video --ar 16:9"
CH03_SC005f,3,1,4,"Bức tranh ẩn dụ 2D nghệ thuật tâm lý, bóng đen con người và các luồng sáng màu gradient rực rỡ thể hiện nội dung: Trừ khi bạn dùng phòng cách âm từ tính siêu việt.","steady shot showing the silhouette of a person sitting inside a thick, multi-layered metal vault room, with bright neon yellow shields surrounding the exterior walls to deflect waves, set against a dark blue and amber gradient background. Symmetrical layout, soft warm lighting. minimalist graphic novel ink style, high contrast, bold outlines, flat colors, vibrant color palette, cinematic lighting, 8-second continuous documentary video --ar 16:9"
CH03_SC005g,3,1,7,"Đồ họa vector la bàn nhỏ với kim nam châm dao động cực kỳ yếu ớt.","steady shot showing a flat 2D vector graphic of a massive dome-shaped medical scanner helmet surrounded by metal pipes venting cool white liquid helium vapor, on a solid dark gray background. Symmetrical composition, soft warm lighting. flat 2D vector illustration style, clean bold outlines, flat colors, vibrant color palette, cinematic lighting, 8-second continuous documentary video --ar 16:9"
CH03_SC006a,3,1,7,"Bức tranh ẩn dụ 2D nghệ thuật tâm lý, bóng đen con người và các luồng sáng màu gradient rực rỡ thể hiện nội dung: Vì thế, ý tưởng dùng sóng não để thu hút tiền bạc là điều bất khả thi về vật lý.","steady shot showing the clean black silhouette of a person trying to pull a floating gold coin towards themselves by reaching out, but the coin drifts away further, set against a dark red and black gradient background. Symmetrical layout, dramatic chiaroscuro. minimalist graphic novel ink style, high contrast, bold outlines, flat colors, vibrant color palette, cinematic lighting, 8-second continuous documentary video --ar 16:9"
CH03_SC006b,3,1,8,"Các hạt ion ion Na+ và Ca2+ phát sáng di chuyển qua màng tế bào vỏ não.","steady shot showing a flat 2D vector graphic showing a thick stone wall blocking a flow of bright green electrical signals, on a solid dark gray background. Clean outlines, high contrast. flat 2D vector illustration style, clean bold outlines, flat colors, vibrant color palette, cinematic lighting, 8-second continuous documentary video --ar 16:9"
CH03_SC007a,3,1,5,"Bức tranh ẩn dụ 2D nghệ thuật tâm lý, bóng đen con người và các luồng sáng màu gradient rực rỡ thể hiện nội dung: Cố ép bản thân phát sóng ý nghĩ đẩy ta vào nỗ lực cực đoan.","steady shot showing the clean black silhouette of a person walking up a steep mountain of jagged black rocks while carrying a giant glowing boulder labeled ""THOUGHTS"" in English, set against a dark orange and black gradient background. Symmetrical composition, dramatic chiaroscuro. minimalist graphic novel ink style, high contrast, bold outlines, flat colors, vibrant color palette, cinematic lighting, 8-second continuous documentary video --ar 16:9"
CH03_SC007b,3,1,4,"Silhouette người ngồi thiền nhăn mặt căng thẳng, đầu đầy các tia sét đỏ xung đột.","steady shot showing the clean black silhouette of a person sitting in meditation pose but with a tense, strained posture, while jagged red lightning bolts flash inside their head, set against a dark gray and red gradient background. Symmetrical layout, dramatic chiaroscuro. minimalist graphic novel ink style, high contrast, bold outlines, flat colors, vibrant color palette, cinematic lighting, 8-second continuous documentary video --ar 16:9"
CH03_SC007c,3,1,8,"Bức tranh ẩn dụ 2D nghệ thuật tâm lý, bóng đen con người và các luồng sáng màu gradient rực rỡ thể hiện nội dung: Bộ não phải làm việc nặng nề để đàn áp những suy nghĩ tự nhiên, tạo ra áp lực nhận thức top-down làm cạn kiệt năng lượng của vỏ não trước trán.","steady shot showing the clean black silhouette of a hand trying to hold down a spring that is vibrating violently under a heavy grey block, set against a dark purple and indigo gradient background. Moody lighting, deep shadows. minimalist graphic novel ink style, high contrast, bold outlines, flat colors, vibrant color palette, cinematic lighting, 8-second continuous documentary video --ar 16:9"
CH03_SC007d,3,1,3,"Bức tranh ẩn dụ 2D nghệ thuật tâm lý, bóng đen con người và các luồng sáng màu gradient rực rỡ thể hiện nội dung: Ta tưởng mình kết nối với vũ trụ.","steady shot showing the clean black silhouette of a person standing on a high cliff reaching their hands up to touch a giant golden spiral galaxy in the sky, set against a dark purple and gold gradient background. Moody backlight, deep silhouettes. minimalist graphic novel ink style, high contrast, bold outlines, flat colors, vibrant color palette, cinematic lighting, 8-second continuous documentary video --ar 16:9"
CH03_SC007e,3,1,7,"Bóng đen mặt cắt sọ người, các tia điện ion cố thoát ra ngoài nhưng lập tức tan biến.","steady shot showing a flat 2D vector graphic of a battery outline with only one flashing red power bar remaining, on a solid dark gray background. Clean outlines, high contrast. flat 2D vector illustration style, clean bold outlines, flat colors, vibrant color palette, cinematic lighting, 8-second continuous documentary video --ar 16:9"
CH03_SC007f,3,1,6,"Silhouette người nằm thả lỏng trôi trên dòng nước tĩnh lặng dưới ánh trăng.","steady shot showing the clean black silhouette of a person floating peacefully on the surface of calm, dark blue water under a large, glowing white crescent moon, set against a dark indigo gradient background. Symmetrical composition, soft backlight. minimalist graphic novel ink style, high contrast, bold outlines, flat colors, vibrant color palette, cinematic lighting, 8-second continuous documentary video --ar 16:9"
CH03_SC007g,3,1,3,"Silhouette người nằm thả lỏng trôi trên dòng nước tĩnh lặng dưới ánh trăng.","slow camera panning showing the clean black silhouette of a single autumn leaf drifting gently down a slow-moving, peaceful river stream, under a starry sky, set against a dark teal and violet gradient background. Moody lighting, deep silhouettes. minimalist graphic novel ink style, high contrast, bold outlines, flat colors, vibrant color palette, cinematic lighting, 8-second continuous documentary video --ar 16:9"
CH03_SC007h,3,1,8,"Bức tranh ẩn dụ 2D nghệ thuật tâm lý, bóng đen con người và các luồng sáng màu gradient rực rỡ thể hiện nội dung: Hành động tự diễn ra trôi chảy nhờ thích nghi môi trường, thay vì cố điều khiển vũ trụ bằng ảo tưởng.","steady shot showing the clean black silhouette of a sailboat gliding smoothly across water, pushed gently by a soft wind, set against a dark blue and warm gold gradient background. Symmetrical layout, soft warm lighting. minimalist graphic novel ink style, high contrast, bold outlines, flat colors, vibrant color palette, cinematic lighting, 8-second continuous documentary video --ar 16:9"
CH03_SC008a,3,1,8,"Các bong bóng hóa học Dopamine màu hồng phát sáng vỡ đôi trong không gian tối.","steady shot showing a flat 2D vector graphic of glowing pink molecular structures representing dopamine bubbles slowly drifting and popping in dark space, on a solid dark gray background. Soft warm lighting, clean outlines. flat 2D vector illustration style, clean bold outlines, flat colors, vibrant color palette, cinematic lighting, 8-second continuous documentary video --ar 16:9"
CH03_SC008b,3,1,3,"Các bong bóng hóa học Dopamine màu hồng phát sáng vỡ đôi trong không gian tối.","slow camera panning showing a flat 2D vector graphic of a glowing pink reward cup outline with small pink bubbles rising out of it, on a solid dark gray background. Clean outlines, high contrast. flat 2D vector illustration style, clean bold outlines, flat colors, vibrant color palette, cinematic lighting, 8-second continuous documentary video --ar 16:9"
CH04_SC001a,4,1,3,"Bức tranh ẩn dụ 2D nghệ thuật tâm lý, bóng đen con người và các luồng sáng màu gradient rực rỡ thể hiện nội dung: Nhiều người từng trải qua cảm giác này.","steady shot showing the clean black silhouette of a person sitting alone on a dark bench, with a faint glowing fog rising around their head, set against a dark teal and violet gradient background. Moody lighting, deep shadows. minimalist graphic novel ink style, high contrast, bold outlines, flat colors, vibrant color palette, cinematic lighting, 8-second continuous documentary video --ar 16:9"
CH04_SC001b,4,1,8,"Bóng đen người đàn ông ngồi thiền, các đường hào quang ảo ảnh tỏa ra xung quanh.","steady shot showing the clean black silhouette of a man holding a glowing gold book, with radiating rings of warm yellow light surrounding his chest, set against a dark purple and coral gradient background. Symmetrical layout, soft warm lighting. minimalist graphic novel ink style, high contrast, bold outlines, flat colors, vibrant color palette, cinematic lighting, 8-second continuous documentary video --ar 16:9"
CH04_SC001c,4,1,7,"Bức tranh ẩn dụ 2D nghệ thuật tâm lý, bóng đen con người và các luồng sáng màu gradient rực rỡ thể hiện nội dung: Chúng ta nhắm mắt lại, tưởng tượng về một cuộc sống đầy đủ, một tài khoản ngân hàng nhiều chữ số.","steady shot showing a flat 2D vector graphic of a closed eye silhouette with a glowing screen showing a digital bank account balance with many zeros ""$10,000,000"" in English, on a solid dark gray background. Symmetrical composition, clean outlines. flat 2D vector illustration style, clean bold outlines, flat colors, vibrant color palette, cinematic lighting, 8-second continuous documentary video --ar 16:9"
CH04_SC001d,4,1,7,"Các bong bóng hóa học Dopamine màu hồng phát sáng vỡ đôi trong không gian tối.","steady shot showing a flat 2D vector graphic of multiple glowing pink chemical rings drifting upwards, with spark lines connecting them, on a solid dark gray background. Clean outlines, high contrast. flat 2D vector illustration style, clean bold outlines, flat colors, vibrant color palette, cinematic lighting, 8-second continuous documentary video --ar 16:9"
CH04_SC001e,4,1,3,"Bóng đen chân dung Napoleon Hill tách đôi, một nửa sáng một nửa tối tương phản.","steady shot showing a flat 2D vector graphic of a stylized portrait silhouette split down the middle, with a bright neon green lightning bolt dividing it, set against a dark violet gradient background. Symmetrical composition, high contrast. flat 2D vector illustration style, clean bold outlines, flat colors, vibrant color palette, cinematic lighting, 8-second continuous documentary video --ar 16:9"
CH04_SC001f,4,1,6,"Bức tranh ẩn dụ 2D nghệ thuật tâm lý, bóng đen con người và các luồng sáng màu gradient rực rỡ thể hiện nội dung: Khi đối mặt với thực tế vào sáng hôm sau, ta lại cảm thấy rỗng năng lượng.","steady shot showing the clean black silhouette of a slumped figure sitting at a kitchen table in front of a cold cup of coffee, with a pale blue shadow stretching behind them, set against a dark blue and grey gradient background. Moody lighting, deep shadows. minimalist graphic novel ink style, high contrast, bold outlines, flat colors, vibrant color palette, cinematic lighting, 8-second continuous documentary video --ar 16:9"
CH04_SC001g,4,1,4,"Bức tranh ẩn dụ 2D nghệ thuật tâm lý, bóng đen con người và các luồng sáng màu gradient rực rỡ thể hiện nội dung: Ta trì hoãn và không thể hành động thực tế.","steady shot showing the clean black silhouette of a foot tied to a heavy iron ball labeled ""PROCRASTINATION"" in English, with the person trying to take a step forward, set against a dark gray and orange gradient background. Symmetrical layout, dramatic chiaroscuro. minimalist graphic novel ink style, high contrast, bold outlines, flat colors, vibrant color palette, cinematic lighting, 8-second continuous documentary video --ar 16:9"
CH04_SC002a,4,1,7,"Các bong bóng hóa học Dopamine màu hồng phát sáng vỡ đôi trong không gian tối.","steady shot showing a flat 2D vector graphic of a steel bear trap with glowing pink dopamine bubbles floating inside as bait, on a solid dark gray background. Clean outlines, high contrast. flat 2D vector illustration style, clean bold outlines, flat colors, vibrant color palette, cinematic lighting, 8-second continuous documentary video --ar 16:9"
CH04_SC003a,4,1,8,"Máy đo huyết áp y tế cổ điển với cột thủy ngân sụt giảm mạnh mẽ.","steady shot showing a flat 2D vector graphic of a vintage mercury sphygmomanometer with its mercury column at a high level under a warm spotlight, on a solid dark gray background. Symmetrical composition, soft warm lighting. flat 2D vector illustration style, clean bold outlines, flat colors, vibrant color palette, cinematic lighting, 8-second continuous documentary video --ar 16:9"
CH04_SC003b,4,1,8,"Máy đo huyết áp y tế cổ điển với cột thủy ngân sụt giảm mạnh mẽ.","steady shot showing a flat 2D vector graphic of a red blood pressure cuff wrapped around a simple gray arm outline, with red glowing pulse waves expanding, on a solid dark gray background. Clean outlines, high contrast. flat 2D vector illustration style, clean bold outlines, flat colors, vibrant color palette, cinematic lighting, 8-second continuous documentary video --ar 16:9"
CH04_SC003c,4,1,4,"Bức tranh ẩn dụ 2D nghệ thuật tâm lý, bóng đen con người và các luồng sáng màu gradient rực rỡ thể hiện nội dung: Khi chuẩn bị hành động, hệ giao cảm lập tức kích hoạt.","steady shot showing a flat 2D vector graphic of a human silhouette with a glowing red network of nerves running from the spine to the limbs, set against a dark violet gradient background. Symmetrical composition, clean outlines. flat 2D vector illustration style, clean bold outlines, flat colors, vibrant color palette, cinematic lighting, 8-second continuous documentary video --ar 16:9"
CH04_SC003d,4,1,6,"Máy đo huyết áp y tế cổ điển với cột thủy ngân sụt giảm mạnh mẽ.","steady shot showing a flat 2D vector graphic of a heart outline pumping glowing red particles through simple pipe vectors, on a solid dark gray background. Clean outlines, high contrast. flat 2D vector illustration style, clean bold outlines, flat colors, vibrant color palette, cinematic lighting, 8-second continuous documentary video --ar 16:9"
CH04_SC003e,4,1,4,"Bức tranh ẩn dụ 2D nghệ thuật tâm lý, bóng đen con người và các luồng sáng màu gradient rực rỡ thể hiện nội dung: Đây là thế sẵn sàng chiến đấu của cơ thể.","steady shot showing the clean black silhouette of a runner set in a starting blocks position on a track, muscles tense, set against a dark orange and black gradient background. Symmetrical composition, dramatic chiaroscuro. minimalist graphic novel ink style, high contrast, bold outlines, flat colors, vibrant color palette, cinematic lighting, 8-second continuous documentary video --ar 16:9"
CH04_SC004a,4,1,8,"Căn phòng làm việc cổ kính, sang trọng tại New York với thảm đỏ và ghế da lớn.","steady shot showing the clean black silhouette of a female scientist in a lab coat writing on a clipboard, standing next to a large chalkboard with experimental graphs in English, set against a dark teal and gray gradient background. Symmetrical composition, dramatic chiaroscuro. minimalist graphic novel ink style, high contrast, bold outlines, flat colors, vibrant color palette, cinematic lighting, 8-second continuous documentary video --ar 16:9"
CH04_SC004b,4,1,6,"Bức tranh ẩn dụ 2D nghệ thuật tâm lý, bóng đen con người và các luồng sáng màu gradient rực rỡ thể hiện nội dung: Họ chọn những tình nguyện viên đang ở trong trạng thái mất nước và cực kỳ khát.","steady shot showing the clean black silhouette of a person walking under a cracked dry desert ground silhouette with a blazing sun above, set against a dark amber and orange gradient background. Moody lighting, deep shadows. minimalist graphic novel ink style, high contrast, bold outlines, flat colors, vibrant color palette, cinematic lighting, 8-second continuous documentary video --ar 16:9"
CH04_SC004c,4,1,8,"Bức tranh ẩn dụ 2D nghệ thuật tâm lý, bóng đen con người và các luồng sáng màu gradient rực rỡ thể hiện nội dung: Nhóm thứ nhất được yêu cầu nhắm mắt và hình dung chi tiết cảnh mình đang uống một cốc nước đá mát lạnh, cảm nhận dòng nước chảy qua cổ họng.","steady shot showing the clean black silhouette of a person sitting with closed eyes, with a large glowing blue glass of water with ice cubes floating in their mind bubble, set against a dark teal gradient background. Moody backlight, deep silhouettes. minimalist graphic novel ink style, high contrast, bold outlines, flat colors, vibrant color palette, cinematic lighting, 8-second continuous documentary video --ar 16:9"
CH04_SC004d,4,1,4,"Bức tranh ẩn dụ 2D nghệ thuật tâm lý, bóng đen con người và các luồng sáng màu gradient rực rỡ thể hiện nội dung: Nhóm thứ hai chỉ được nghĩ về những việc bình thường.","steady shot showing a flat 2D vector graphic of a simple office desk calendar with regular dates, under a soft white light, on a solid dark gray background. Symmetrical layout, soft warm lighting. flat 2D vector illustration style, clean bold outlines, flat colors, vibrant color palette, cinematic lighting, 8-second continuous documentary video --ar 16:9"
CH04_SC005a,4,1,8,"Máy đo huyết áp y tế cổ điển với cột thủy ngân sụt giảm mạnh mẽ.","steady shot showing a flat 2D vector graphic of a mercury blood pressure gauge with the silver mercury column sliding down quickly, on a solid dark gray background. Clean outlines, high contrast. flat 2D vector illustration style, clean bold outlines, flat colors, vibrant color palette, cinematic lighting, 8-second continuous documentary video --ar 16:9"
CH04_SC005b,4,1,8,"Bức tranh ẩn dụ 2D nghệ thuật tâm lý, bóng đen con người và các luồng sáng màu gradient rực rỡ thể hiện nội dung: Bộ não của họ đã bị đánh lừa bởi hình ảnh mô phỏng quá sống động, tin rằng nhu cầu sinh lý của cơ thể đã được đáp ứng hoàn toàn.","steady shot showing a flat 2D vector graphic of a brain outline wearing VR goggles showing a blue water drop symbol, on a solid dark gray background. Symmetrical layout, soft warm lighting. flat 2D vector illustration style, clean bold outlines, flat colors, vibrant color palette, cinematic lighting, 8-second continuous documentary video --ar 16:9"
CH04_SC005c,4,1,6,"Bức tranh ẩn dụ 2D nghệ thuật tâm lý, bóng đen con người và các luồng sáng màu gradient rực rỡ thể hiện nội dung: Hệ thần kinh lập tức phát tín hiệu hạ nhiệt, ngừng huy động năng lượng sinh lý.","steady shot showing a flat 2D vector graphic of a green power button switching to ""OFF"" with a faint red glow, on a solid dark gray background. Clean outlines, high contrast. flat 2D vector illustration style, clean bold outlines, flat colors, vibrant color palette, cinematic lighting, 8-second continuous documentary video --ar 16:9"
CH04_SC005d,4,2,8,"Bức tranh ẩn dụ 2D nghệ thuật tâm lý, bóng đen con người và các luồng sáng màu gradient rực rỡ thể hiện nội dung: Họ cảm thấy thỏa mãn ngắn hạn về nhận thức.","steady shot showing the clean black silhouette of a person sinking deeply into a soft armchair, with a gray cloud floating above their head, set against a dark teal and violet gradient background. Moody lighting, deep shadows. minimalist graphic novel ink style, high contrast, bold outlines, flat colors, vibrant color palette, cinematic lighting, 8-second continuous documentary video --ar 16:9"
CH04_SC005e,4,1,4,"Bức tranh ẩn dụ 2D nghệ thuật tâm lý, bóng đen con người và các luồng sáng màu gradient rực rỡ thể hiện nội dung: Họ không còn động lực đứng dậy đi tìm nước thật.","steady shot showing the clean black silhouette of a person sitting facing a real water pitcher on a table just a few feet away, but staring blankly at the floor, set against a dark blue and grey gradient background. Moody backlight, deep silhouettes. minimalist graphic novel ink style, high contrast, bold outlines, flat colors, vibrant color palette, cinematic lighting, 8-second continuous documentary video --ar 16:9"
CH04_SC006a,4,1,5,"Bóng đen người đàn ông ngồi thiền, các đường hào quang ảo ảnh tỏa ra xung quanh.","steady shot showing the clean black silhouette of a man meditating, with glowing golden coins floating around his head in an orbit like planets, set against a dark purple and indigo gradient background. Symmetrical layout, glowing backlight. minimalist graphic novel ink style, high contrast, bold outlines, flat colors, vibrant color palette, cinematic lighting, 8-second continuous documentary video --ar 16:9"
CH04_SC006b,4,1,8,"Bức tranh ẩn dụ 2D nghệ thuật tâm lý, bóng đen con người và các luồng sáng màu gradient rực rỡ thể hiện nội dung: Khi bạn liên tục hình dung về kết quả thành công, bộ não sẽ giải phóng Dopamine — chất dẫn truyền thần kinh của sự thèm khát và phần thưởng.","steady shot showing a flat 2D vector graphic of a brain profile with multiple glowing pink drops spraying into the center, on a solid dark gray background. Clean outlines, high contrast. flat 2D vector illustration style, clean bold outlines, flat colors, vibrant color palette, cinematic lighting, 8-second continuous documentary video --ar 16:9"
CH04_SC006c,4,1,4,"Các bong bóng hóa học Dopamine màu hồng phát sáng vỡ đôi trong không gian tối.","steady shot showing a flat 2D vector graphic of pink dopamine chemical bubbles popping one by one, leaving behind faint smoke rings, on a solid dark gray background. Symmetrical layout, soft warm lighting. flat 2D vector illustration style, clean bold outlines, flat colors, vibrant color palette, cinematic lighting, 8-second continuous documentary video --ar 16:9"
CH04_SC006d,4,1,5,"Bức tranh ẩn dụ 2D nghệ thuật tâm lý, bóng đen con người và các luồng sáng màu gradient rực rỡ thể hiện nội dung: Nó thưởng cho bạn vì một viễn cảnh mô phỏng trong tâm trí.","steady shot showing the clean black silhouette of a person holding a golden trophy on a stage, which slowly dissolves into a cloud of yellow dust when touched, set against a dark magenta and gold gradient background. Moody backlight, deep silhouettes. minimalist graphic novel ink style, high contrast, bold outlines, flat colors, vibrant color palette, cinematic lighting, 8-second continuous documentary video --ar 16:9"
CH04_SC006e,4,1,6,"Bức tranh ẩn dụ 2D nghệ thuật tâm lý, bóng đen con người và các luồng sáng màu gradient rực rỡ thể hiện nội dung: Khi bộ não tin rằng bạn đã đạt được mục tiêu, nó sẽ ngắt nguồn lực sinh lý.","steady shot showing a flat 2D vector graphic of a power plug being pulled from a socket, with the electric spark fading, on a solid dark gray background. Clean outlines, high contrast. flat 2D vector illustration style, clean bold outlines, flat colors, vibrant color palette, cinematic lighting, 8-second continuous documentary video --ar 16:9"
CH04_SC007a,4,1,7,"Một ly thủy tinh chứa nước đá lạnh buốt nứt vỡ dưới ánh mặt trời gay gắt.","steady shot showing a flat 2D vector graphic of a glass of ice water with multiple cracks spreading across its surface under a hot red sun vector, on a solid dark gray background. Clean outlines, high contrast. flat 2D vector illustration style, clean bold outlines, flat colors, vibrant color palette, cinematic lighting, 8-second continuous documentary video --ar 16:9"
CH04_SC007b,4,1,8,"Chiếc mũ cử nhân đen nằm đơn độc trên sàn nhà đầy bụi bặm.","steady shot showing a flat 2D vector graphic of a black graduation cap lying on a grey floor next to a small stack of untidy letters labeled ""APPLICATIONS"" in English, on a solid dark gray background. Symmetrical composition, soft warm lighting. flat 2D vector illustration style, clean bold outlines, flat colors, vibrant color palette, cinematic lighting, 8-second continuous documentary video --ar 16:9"
CH04_SC007c,4,1,3,"Bức tranh ẩn dụ 2D nghệ thuật tâm lý, bóng đen con người và các luồng sáng màu gradient rực rỡ thể hiện nội dung: Họ nhận được ít lời mời phỏng vấn hơn.","steady shot showing a flat 2D vector graphic of a metal mailbox containing a single, tiny envelope labeled ""REJECTION"" in English, on a solid dark gray background. Clean outlines, high contrast. flat 2D vector illustration style, clean bold outlines, flat colors, vibrant color palette, cinematic lighting, 8-second continuous documentary video --ar 16:9"
CH04_SC007d,4,1,6,"Chiếc mũ cử nhân đen nằm đơn độc trên sàn nhà đầy bụi bặm.","steady shot showing a flat 2D vector graphic of a small paycheck showing a low dollar amount ""$1,200"" in English, on a solid dark gray background. Symmetrical composition, soft warm lighting. flat 2D vector illustration style, clean bold outlines, flat colors, vibrant color palette, cinematic lighting, 8-second continuous documentary video --ar 16:9"
CH04_SC008a,4,1,7,"Bàn tay nắm chặt lấy cát khô, cát luồn qua kẽ tay rơi xuống đất.","steady shot showing a flat 2D vector graphic of a hand clenched tight, with yellow sand grains slipping through the fingers and falling downwards, on a solid dark gray background. Clean outlines, high contrast. flat 2D vector illustration style, clean bold outlines, flat colors, vibrant color palette, cinematic lighting, 8-second continuous documentary video --ar 16:9"
CH04_SC008b,4,1,5,"Bức tranh ẩn dụ 2D nghệ thuật tâm lý, bóng đen con người và các luồng sáng màu gradient rực rỡ thể hiện nội dung: Bộ não con người luôn bị cuốn vào cỗ máy thèm khát vô tận.","steady shot showing a flat 2D vector graphic of a large mechanical cogwheel with human silhouette outlines trapped between the gears, on a solid dark gray background. Symmetrical composition, high contrast. flat 2D vector illustration style, clean bold outlines, flat colors, vibrant color palette, cinematic lighting, 8-second continuous documentary video --ar 16:9"
CH04_SC008c,4,1,8,"Bóng đen người đàn ông ngồi thiền, các đường hào quang ảo ảnh tỏa ra xung quanh.","steady shot showing the clean black silhouette of a person meditating, with giant glowing hands in the background dropping golden coins and luxury cars into their aura, set against a dark teal and violet gradient background. Moody backlight, deep silhouettes. minimalist graphic novel ink style, high contrast, bold outlines, flat colors, vibrant color palette, cinematic lighting, 8-second continuous documentary video --ar 16:9"
CH04_SC008d,4,1,8,"Bàn tay nắm chặt lấy cát khô, cát luồn qua kẽ tay rơi xuống đất.","steady shot showing a flat 2D vector graphic of a hand grabbing dry sand, with the sand dissolving into red smoke, on a solid dark gray background. Clean outlines, high contrast. flat 2D vector illustration style, clean bold outlines, flat colors, vibrant color palette, cinematic lighting, 8-second continuous documentary video --ar 16:9"
CH04_SC008e,4,2,8," Silhouette một người chạy kiệt sức trên chiếc bánh xe hamster khổng lồ phát sáng.","steady shot showing the clean black silhouette of a man running exhaustedly on a giant glowing hamster wheel, with pink dopamine bubbles floating around him, set against a dark violet and red gradient background. Moody lighting, deep shadows. minimalist graphic novel ink style, high contrast, bold outlines, flat colors, vibrant color palette, cinematic lighting, 8-second continuous documentary video --ar 16:9"
CH04_SC008f,4,1,4,"Bức tranh ẩn dụ 2D nghệ thuật tâm lý, bóng đen con người và các luồng sáng màu gradient rực rỡ thể hiện nội dung: Rồi lại rơi vào cạn kiệt năng lượng ngoài đời thực.","steady shot showing the clean black silhouette of a man slumped over his desk, with a progress bar above his head showing 0% battery, set against a dark navy and grey gradient background. Moody lighting, deep shadows. minimalist graphic novel ink style, high contrast, bold outlines, flat colors, vibrant color palette, cinematic lighting, 8-second continuous documentary video --ar 16:9"
CH04_SC009a,4,1,4,"Bức tranh ẩn dụ 2D nghệ thuật tâm lý, bóng đen con người và các luồng sáng màu gradient rực rỡ thể hiện nội dung: Nhưng cái bẫy sinh lý này chỉ là bề nổi.","steady shot showing a flat 2D vector graphic of an iceberg floating in dark water, with only a tiny tip visible above the surface, on a solid dark gray background. Symmetrical composition, high contrast. flat 2D vector illustration style, clean bold outlines, flat colors, vibrant color palette, cinematic lighting, 8-second continuous documentary video --ar 16:9"
CH04_SC009b,4,1,8,"Bóng đen người đàn ông ngồi thiền, các đường hào quang ảo ảnh tỏa ra xung quanh.","steady shot showing the clean black silhouette of a person sitting in meditation, while giant fingers from the shadows point accusatorially at them, set against a dark red and black gradient background. Symmetrical layout, dramatic chiaroscuro. minimalist graphic novel ink style, high contrast, bold outlines, flat colors, vibrant color palette, cinematic lighting, 8-second continuous documentary video --ar 16:9"
CH05_SC001a,5,1,7,"Một người phụ nữ ngồi trên ghế gỗ phía sau tấm kính gương một chiều tối tăm.","steady shot showing the clean black silhouette of a woman sitting on a simple wooden chair behind a dark, reflective one-way mirror pane, set against a dark teal and gray gradient background. Symmetrical composition, dramatic chiaroscuro. minimalist graphic novel ink style, high contrast, bold outlines, flat colors, vibrant color palette, cinematic lighting, 8-second continuous documentary video --ar 16:9"
CH05_SC001b,5,1,8,"Một người phụ nữ ngồi trên ghế gỗ phía sau tấm kính gương một chiều tối tăm.","slow camera panning showing the clean black silhouettes of three observers standing in a dark room, looking through a large rectangular glass window into a brightly lit room, set against a dark blue and grey gradient background. Moody backlight, deep silhouettes. minimalist graphic novel ink style, high contrast, bold outlines, flat colors, vibrant color palette, cinematic lighting, 8-second continuous documentary video --ar 16:9"
CH05_SC001c,5,1,8,"Một người phụ nữ ngồi trên ghế gỗ phía sau tấm kính gương một chiều tối tăm.","steady shot showing the clean black silhouette of a sitting woman flinching under sudden, jagged electric spark lines that light up her outline, set against a dark red and black gradient background. High contrast, dramatic chiaroscuro. minimalist graphic novel ink style, high contrast, bold outlines, flat colors, vibrant color palette, cinematic lighting, 8-second continuous documentary video --ar 16:9"
CH05_SC001d,5,1,7,"Bức tranh ẩn dụ 2D nghệ thuật tâm lý, bóng đen con người và các luồng sáng màu gradient rực rỡ thể hiện nội dung: Ban đầu, các tình nguyện viên bày tỏ sự xót xa và thương cảm sâu sắc đối với nạn nhân.","steady shot showing the clean black silhouettes of two people clasping their hands to their chests in sorrow, with soft blue teardrop shapes floating around them, set against a dark indigo and grey gradient background. Symmetrical composition, soft backlight. minimalist graphic novel ink style, high contrast, bold outlines, flat colors, vibrant color palette, cinematic lighting, 8-second continuous documentary video --ar 16:9"
CH05_SC002a,5,1,8,"Bức tranh ẩn dụ 2D nghệ thuật tâm lý, bóng đen con người và các luồng sáng màu gradient rực rỡ thể hiện nội dung: Nhưng sau đó, các nhà nghiên cứu thông báo rằng thí nghiệm này bắt buộc phải tiếp tục và họ không có cách nào can thiệp để ngăn chặn dòng điện.","steady shot showing a flat 2D vector graphic of a red hazard warning light spinning on a wall under a metal mesh, with the text ""EXPERIMENT ACTIVE"" in English on a screen, on a solid dark gray background. Clean outlines, high contrast. flat 2D vector illustration style, clean bold outlines, flat colors, vibrant color palette, cinematic lighting, 8-second continuous documentary video --ar 16:9"
CH05_SC002b,5,1,7,"Bức tranh ẩn dụ 2D nghệ thuật tâm lý, bóng đen con người và các luồng sáng màu gradient rực rỡ thể hiện nội dung: Lúc này, một sự biến đổi tâm lý kỳ lạ đã diễn ra trong đầu các tình nguyện viên.","steady shot showing the clean black silhouette of a person's head with their brain turning from a soft green glow to a harsh, cold violet color, set against a dark purple and indigo gradient background. Moody lighting, deep shadows. minimalist graphic novel ink style, high contrast, bold outlines, flat colors, vibrant color palette, cinematic lighting, 8-second continuous documentary video --ar 16:9"
CH05_SC002c,5,1,5,"Nhiều cánh tay bóng đen chỉ trỏ buộc tội một người đang co rúm ở góc phòng.","steady shot showing multiple clean black silhouettes of hands and fingers pointing accusatorially towards a small, huddled figure in the corner, set against a dark red and black gradient background. Symmetrical composition, high contrast. minimalist graphic novel ink style, high contrast, bold outlines, flat colors, vibrant color palette, cinematic lighting, 8-second continuous documentary video --ar 16:9"
CH05_SC002d,5,1,8,"Bức tranh ẩn dụ 2D nghệ thuật tâm lý, bóng đen con người và các luồng sáng màu gradient rực rỡ thể hiện nội dung: Họ nhận xét rằng người phụ nữ đó trông thật ngu ngốc, vụng về, và cô ta xứng đáng chịu hình phạt đó vì đã không cố gắng học tập chăm chỉ hơn.","steady shot showing a flat 2D vector graphic of a paper report card with a large red letter ""F"" grade, on a solid dark gray background, under a cold blue spotlight. Clean outlines, high contrast. flat 2D vector illustration style, clean bold outlines, flat colors, vibrant color palette, cinematic lighting, 8-second continuous documentary video --ar 16:9"
CH05_SC003a,5,1,8,"Bức tranh ẩn dụ 2D nghệ thuật tâm lý, bóng đen con người và các luồng sáng màu gradient rực rỡ thể hiện nội dung: Lerner giải thích rằng con người sở hữu một xu hướng nhận thức ngầm ẩn sâu sắc gọi là Ngụy biện Thế giới Công bằng (Just World Fallacy).","steady shot showing a flat 2D vector graphic of a balanced scale standing on a stone pedestal with the text ""JUST WORLD"" in English written on the base, on a solid dark gray background. Symmetrical layout, soft warm lighting. flat 2D vector illustration style, clean bold outlines, flat colors, vibrant color palette, cinematic lighting, 8-second continuous documentary video --ar 16:9"
CH05_SC003b,5,1,6,"Bức tranh ẩn dụ 2D nghệ thuật tâm lý, bóng đen con người và các luồng sáng màu gradient rực rỡ thể hiện nội dung: Bộ não có nhu cầu sinh tồn mãnh liệt là phải tin thế giới vận hành công bằng.","steady shot showing the clean black silhouette of a brain outline surrounded by a shield of glowing yellow light protecting it from sharp grey stones, set against a dark teal gradient background. Moody backlight, deep silhouettes. minimalist graphic novel ink style, high contrast, bold outlines, flat colors, vibrant color palette, cinematic lighting, 8-second continuous documentary video --ar 16:9"
CH05_SC003c,5,1,4,"Bức tranh ẩn dụ 2D nghệ thuật tâm lý, bóng đen con người và các luồng sáng màu gradient rực rỡ thể hiện nội dung: Người tốt sẽ gặp lành, kẻ xấu sẽ gặp họa.","steady shot showing a flat 2D vector graphic of a white angel wings icon on the left, and a black broken heart icon on the right, balanced on a scale, on a solid dark gray background. Symmetrical composition, clean outlines. flat 2D vector illustration style, clean bold outlines, flat colors, vibrant color palette, cinematic lighting, 8-second continuous documentary video --ar 16:9"
CH05_SC003d,5,1,8,"Bức tranh ẩn dụ 2D nghệ thuật tâm lý, bóng đen con người và các luồng sáng màu gradient rực rỡ thể hiện nội dung: Nếu chúng ta chứng kiến một người vô tội phải chịu đau khổ mà không thể làm gì để giúp đỡ, thế giới quan an toàn của chúng ta sẽ bị đe dọa.","steady shot showing a flat 2D vector graphic of a shield cracking down the middle under a heavy hammer strike vector, on a solid dark gray background. Clean outlines, high contrast. flat 2D vector illustration style, clean bold outlines, flat colors, vibrant color palette, cinematic lighting, 8-second continuous documentary video --ar 16:9"
CH05_SC003e,5,1,8,"Bức tranh ẩn dụ 2D nghệ thuật tâm lý, bóng đen con người và các luồng sáng màu gradient rực rỡ thể hiện nội dung: Để tự trấn an rằng mình sẽ không chịu bi kịch đó, bộ não chọn cách tin rằng nạn nhân chắc chắn đã làm sai điều gì đó để đáng bị trừng phạt.","steady shot showing the clean black silhouette of a person looking through a mirror where their reflection is pointing a finger at them, set against a dark purple and indigo gradient background. Moody lighting, deep shadows. minimalist graphic novel ink style, high contrast, bold outlines, flat colors, vibrant color palette, cinematic lighting, 8-second continuous documentary video --ar 16:9"
CH05_SC004a,5,1,8,"Bóng đen người đàn ông ngồi thiền, các đường hào quang ảo ảnh tỏa ra xung quanh.","steady shot showing the clean black silhouette of a person sitting in meditation, while a giant finger points down at them from the sky, set against a dark red and black gradient background. Symmetrical layout, dramatic chiaroscuro. minimalist graphic novel ink style, high contrast, bold outlines, flat colors, vibrant color palette, cinematic lighting, 8-second continuous documentary video --ar 16:9"
CH05_SC004b,5,1,5,"Bức tranh ẩn dụ 2D nghệ thuật tâm lý, bóng đen con người và các luồng sáng màu gradient rực rỡ thể hiện nội dung: Hill tuyên bố vũ trụ phản chiếu hoàn hảo suy nghĩ của bạn.","steady shot showing a flat 2D vector graphic of a human silhouette facing a large mirror which reflects the exact same silhouette with glowing golden rays, on a solid dark gray background. Clean outlines, high contrast. flat 2D vector illustration style, clean bold outlines, flat colors, vibrant color palette, cinematic lighting, 8-second continuous documentary video --ar 16:9"
CH05_SC004c,5,1,8,"Bóng đen người đàn ông ngồi thiền, các đường hào quang ảo ảnh tỏa ra xung quanh.","steady shot showing the clean black silhouette of a sick person lying in a hospital bed under a single cold spotlight, with a red question mark symbol glowing above their head, set against a dark teal gradient background. Moody lighting, deep shadows. minimalist graphic novel ink style, high contrast, bold outlines, flat colors, vibrant color palette, cinematic lighting, 8-second continuous documentary video --ar 16:9"
CH05_SC005a,5,1,8,"Bức tranh ẩn dụ 2D nghệ thuật tâm lý, bóng đen con người và các luồng sáng màu gradient rực rỡ thể hiện nội dung: Đây là một liều thuốc an thần hệ tư tưởng cực kỳ hữu hiệu cho các bất ổn cấu trúc vĩ mô của xã hội.","steady shot showing a flat 2D vector graphic of a giant pill capsule labeled ""LOA"" in English with golden dust leaking out, on a solid dark gray background. Symmetrical layout, soft warm lighting. flat 2D vector illustration style, clean bold outlines, flat colors, vibrant color palette, cinematic lighting, 8-second continuous documentary video --ar 16:9"
CH05_SC005b,5,1,7,"Bức tranh ẩn dụ 2D nghệ thuật tâm lý, bóng đen con người và các luồng sáng màu gradient rực rỡ thể hiện nội dung: Thực tế nghèo đói và bế tắc đến từ biến số vĩ mô, thiếu đặc quyền, hoặc rủi ro ngẫu nhiên.","steady shot showing a flat 2D vector graphic of a complex bar chart showing widening wealth gaps and social classes as steps that are impossible to climb, on a solid dark gray background. Clean outlines, high contrast. flat 2D vector illustration style, clean bold outlines, flat colors, vibrant color palette, cinematic lighting, 8-second continuous documentary video --ar 16:9"
CH05_SC005c,5,1,4,"Bóng đen người đàn ông ngồi thiền, các đường hào quang ảo ảnh tỏa ra xung quanh.","steady shot showing the clean black silhouette of a person carrying a giant, heavy stone shaped like a brain on their back, set against a dark gray and orange gradient background. Symmetrical composition, dramatic chiaroscuro. minimalist graphic novel ink style, high contrast, bold outlines, flat colors, vibrant color palette, cinematic lighting, 8-second continuous documentary video --ar 16:9"
CH05_SC005d,5,1,5,"Bức tranh ẩn dụ 2D nghệ thuật tâm lý, bóng đen con người và các luồng sáng màu gradient rực rỡ thể hiện nội dung: Nó giải phóng các cấu trúc bất bình đẳng khỏi trách nhiệm xã hội.","steady shot showing a flat 2D vector graphic of a massive modern bank building silhouette with columns, surrounded by a glowing bubble shielding it from tiny arrow vectors, on a solid dark gray background. Clean outlines, high contrast. flat 2D vector illustration style, clean bold outlines, flat colors, vibrant color palette, cinematic lighting, 8-second continuous documentary video --ar 16:9"
CH05_SC005e,5,1,7,"Bức tranh ẩn dụ 2D nghệ thuật tâm lý, bóng đen con người và các luồng sáng màu gradient rực rỡ thể hiện nội dung: Đồng thời, nó bắt nạn nhân tự trừng phạt mình vì chưa đủ khát khao hoặc tư duy còn nghèo đói.","steady shot showing the clean black silhouette of a man looking at a mirror and hitting his own head in frustration, set against a dark red and grey gradient background. Moody lighting, deep shadows. minimalist graphic novel ink style, high contrast, bold outlines, flat colors, vibrant color palette, cinematic lighting, 8-second continuous documentary video --ar 16:9"
CH05_SC006a,5,1,5,"Bức tranh ẩn dụ 2D nghệ thuật tâm lý, bóng đen con người và các luồng sáng màu gradient rực rỡ thể hiện nội dung: Nhưng ngộ nhận này không chỉ xuất hiện khi chúng ta thất bại.","steady shot showing the clean black silhouette of a man walking on a flat, stable path that slowly tilts upward, set against a dark teal and gold gradient background. Moody backlight, deep silhouettes. minimalist graphic novel ink style, high contrast, bold outlines, flat colors, vibrant color palette, cinematic lighting, 8-second continuous documentary video --ar 16:9"
CH05_SC006b,5,1,8,"Biểu đồ cột doanh số màu xanh lá cây tăng vọt thẳng đứng.","steady shot showing a flat 2D vector graphic of a bar chart with bright green columns rising rapidly towards the top right, with a green arrow pointing straight up, on a solid dark gray background. Symmetrical composition, high contrast. flat 2D vector illustration style, clean bold outlines, flat colors, vibrant color palette, cinematic lighting, 8-second continuous documentary video --ar 16:9"
CH05_SC007a,5,1,8,"Biểu đồ cột doanh số màu xanh lá cây tăng vọt thẳng đứng.","slow camera panning showing the clean black silhouette of a businessman sitting in an office, reading a gold-covered book while money bags stack up on his desk, set against a dark teal and amber gradient background. Moody lighting, deep silhouettes. minimalist graphic novel ink style, high contrast, bold outlines, flat colors, vibrant color palette, cinematic lighting, 8-second continuous documentary video --ar 16:9"
CH05_SC007b,5,1,7,"Silhouette một người đàn ông đội mũ phớt che nửa mặt đi vào bóng tối đường phố.","steady shot showing the clean black silhouette of a man bowing reverently before a giant glowing gold book on a pedestal, set against a dark purple and gold gradient background. Symmetrical composition, dramatic chiaroscuro. minimalist graphic novel ink style, high contrast, bold outlines, flat colors, vibrant color palette, cinematic lighting, 8-second continuous documentary video --ar 16:9"
CH05_SC007c,5,1,6,"Bức tranh ẩn dụ 2D nghệ thuật tâm lý, bóng đen con người và các luồng sáng màu gradient rực rỡ thể hiện nội dung: Họ tự thuyết phục bản thân rằng chính tư duy mới đã thu hút sự thịnh vượng này.","steady shot showing the clean black silhouette of a man pointing to his head while standing next to a mountain of gold coins, set against a dark teal and violet gradient background. Moody backlight, deep silhouettes. minimalist graphic novel ink style, high contrast, bold outlines, flat colors, vibrant color palette, cinematic lighting, 8-second continuous documentary video --ar 16:9"
CH05_SC007d,5,1,8,"Bức tranh ẩn dụ 2D nghệ thuật tâm lý, bóng đen con người và các luồng sáng màu gradient rực rỡ thể hiện nội dung: Khoa học tâm lý gọi hiện tượng này là Thiên kiến quy kết vị kỷ (Self-serving bias) và Ngụy biện nhân quả giả tạo (Post hoc fallacy).","steady shot showing a flat 2D vector graphic of a balance scale with a brain silhouette on one side and a dollar bill on the other, with the English labels ""SELF-SERVING BIAS"" appearing, on a solid dark gray background. Symmetrical composition, clean outlines. flat 2D vector illustration style, clean bold outlines, flat colors, vibrant color palette, cinematic lighting, 8-second continuous documentary video --ar 16:9"
CH05_SC008a,5,1,8,"Bức tranh ẩn dụ 2D nghệ thuật tâm lý, bóng đen con người và các luồng sáng màu gradient rực rỡ thể hiện nội dung: Khi đạt được kết quả tốt, bộ não luôn có xu hướng giải thích mọi chuyện theo hướng có lợi cho lòng kiêu hãnh của mình.","steady shot showing the clean black silhouette of a person wearing a crown and looking down at a crowd from a high platform, set against a dark orange and gold gradient background. Symmetrical layout, soft warm lighting. minimalist graphic novel ink style, high contrast, bold outlines, flat colors, vibrant color palette, cinematic lighting, 8-second continuous documentary video --ar 16:9"
CH05_SC008b,5,1,8,"Bóng đen người đàn ông ngồi thiền, các đường hào quang ảo ảnh tỏa ra xung quanh.","steady shot showing the clean black silhouette of a surfer riding a massive wave made of glowing blue charts and dollar sign vectors, set against a dark blue and teal gradient background. Moody backlight, deep silhouettes. minimalist graphic novel ink style, high contrast, bold outlines, flat colors, vibrant color palette, cinematic lighting, 8-second continuous documentary video --ar 16:9"
CH05_SC008c,5,1,8,"Bức tranh ẩn dụ 2D nghệ thuật tâm lý, bóng đen con người và các luồng sáng màu gradient rực rỡ thể hiện nội dung: Chúng ta vô tình nhầm lẫn việc hai sự kiện diễn ra cùng lúc với một mối quan hệ nhân quả thực chất.","steady shot showing a flat 2D vector graphic of two puzzle pieces that do not match but are forced together by a red arrow, on a solid dark gray background. Symmetrical layout, soft warm lighting. flat 2D vector illustration style, clean bold outlines, flat colors, vibrant color palette, cinematic lighting, 8-second continuous documentary video --ar 16:9"
CH05_SC008d,5,1,8,"Bức tranh ẩn dụ 2D nghệ thuật tâm lý, bóng đen con người và các luồng sáng màu gradient rực rỡ thể hiện nội dung: Chúng ta quên đi những mảnh ghép thực tế đã âm thầm tạo nên thành quả: từ uy tín tích lũy lâu năm của thương hiệu, lòng trung thành của cộng sự, cho đến nhu cầu thị trường thay đổi và cả những may mắn ngẫu nhiên của thời cuộc.","steady shot showing a flat 2D vector graphic of a large gears mechanism with labels ""MARKET"", ""TEAM"", ""LUCK"" in English turning together smoothly, on a solid dark gray background. Symmetrical composition, clean outlines. flat 2D vector illustration style, clean bold outlines, flat colors, vibrant color palette, cinematic lighting, 8-second continuous documentary video --ar 16:9"
CH05_SC009a,5,1,8,"Bức tranh ẩn dụ 2D nghệ thuật tâm lý, bóng đen con người và các luồng sáng màu gradient rực rỡ thể hiện nội dung: Cái bẫy ngọt ngào này ru ngủ ta trong ảo tưởng rằng ý chí có thể thay đổi mọi quy luật vật lý.","steady shot showing the clean black silhouette of a person trying to push a giant stone wall that represents gravity, with a smile on their face, set against a dark purple and indigo gradient background. Moody lighting, deep shadows. minimalist graphic novel ink style, high contrast, bold outlines, flat colors, vibrant color palette, cinematic lighting, 8-second continuous documentary video --ar 16:9"
CH05_SC009b,5,1,5,"Bức tranh ẩn dụ 2D nghệ thuật tâm lý, bóng đen con người và các luồng sáng màu gradient rực rỡ thể hiện nội dung: Nhưng thị trường và cuộc đời luôn vận động theo chu kỳ hình sin.","steady shot showing a flat 2D vector graphic of a bright red sine wave line moving up and down across a grid, on a solid dark gray background. Clean outlines, high contrast. flat 2D vector illustration style, clean bold outlines, flat colors, vibrant color palette, cinematic lighting, 8-second continuous documentary video --ar 16:9"
CH05_SC009c,5,1,8,"Vị guru thuyết pháp trên bục cao rực rỡ, bên dưới là những chiếc bóng đen sùng kính.","steady shot showing the clean black silhouette of a preacher on a high podium under a dark, stormy sky, with rain pouring down on the crowd of silhouettes below who are looking down in despair, set against a dark blue and grey gradient background. Moody lighting, deep shadows. minimalist graphic novel ink style, high contrast, bold outlines, flat colors, vibrant color palette, cinematic lighting, 8-second continuous documentary video --ar 16:9"
CH05_SC009d,5,1,8,"Bóng đen người đàn ông ngồi thiền, các đường hào quang ảo ảnh tỏa ra xung quanh.","steady shot showing the clean black silhouette of a person sitting in meditation under a dark thundercloud with red rain falling, set against a dark red and black gradient background. Symmetrical composition, dramatic chiaroscuro. minimalist graphic novel ink style, high contrast, bold outlines, flat colors, vibrant color palette, cinematic lighting, 8-second continuous documentary video --ar 16:9"
CH05_SC010a,5,1,8,"Bức tranh ẩn dụ 2D nghệ thuật tâm lý, bóng đen con người và các luồng sáng màu gradient rực rỡ thể hiện nội dung: Mọi ngộ nhận này, dù là niềm kiêu ngạo của người thắng hay sự tự trừng phạt của người thua, thực chất đều chung một cội nguồn: đó là nỗ lực áp đặt ý chí chủ quan lên những quy luật khách quan của thực tế.","steady shot showing the clean black silhouette of a man trying to steer a ship in the middle of a massive hurricane with dark waves, clutching a paper steering wheel, set against a dark blue and charcoal gradient background. Moody lighting, deep shadows. minimalist graphic novel ink style, high contrast, bold outlines, flat colors, vibrant color palette, cinematic lighting, 8-second continuous documentary video --ar 16:9"
CH05_SC011a,5,1,8,"Hai cột đá cổ Hy Lạp dựng đứng phân chia ranh giới: một bên sáng, một bên tối.","steady shot showing two large stone Greek pillars standing side-by-side, dividing the screen. The left side is brightly lit with golden sun rays, and the right side is in deep dark shadow with raindrops, set against a dark gray background. Symmetrical composition, high contrast. minimalist graphic novel ink style, high contrast, bold outlines, flat colors, vibrant color palette, cinematic lighting, 8-second continuous documentary video --ar 16:9"
CH05_SC011b,5,1,4,"Hai cột đá cổ Hy Lạp dựng đứng phân chia ranh giới: một bên sáng, một bên tối.","slow camera panning showing a flat 2D vector graphic of a stone bust of an ancient philosopher under a soft spotlight, with the English text ""CONTROL"" and ""NOT IN CONTROL"" on two sides, on a solid dark gray background. Soft warm lighting, clean outlines. flat 2D vector illustration style, clean bold outlines, flat colors, vibrant color palette, cinematic lighting, 8-second continuous documentary video --ar 16:9"
CH05_SC011c,5,1,8,"Bức tranh ẩn dụ 2D nghệ thuật tâm lý, bóng đen con người và các luồng sáng màu gradient rực rỡ thể hiện nội dung: Đó là phân định rạch ròi giữa những gì nằm trong tầm kiểm soát của ý chí cá nhân, và những gì không.","steady shot showing a flat 2D vector graphic of a straight white line dividing a screen, separating a hand icon on the left and a storm cloud icon on the right, on a solid dark gray background. Symmetrical layout, soft warm lighting. flat 2D vector illustration style, clean bold outlines, flat colors, vibrant color palette, cinematic lighting, 8-second continuous documentary video --ar 16:9"
CH05_SC011d,5,1,8,"Bức tranh ẩn dụ 2D nghệ thuật tâm lý, bóng đen con người và các luồng sáng màu gradient rực rỡ thể hiện nội dung: Hoàn cảnh vĩ mô, bệnh tật, và hành vi của người khác là những thứ hoàn toàn nằm ngoài tầm tay của chúng ta.","steady shot showing a flat 2D vector graphic of an umbrella shielding a small figure from giant falling rocks labeled ""MARKET"", ""ILLNESS"", ""OTHERS"" in English, on a solid dark gray background. Clean outlines, high contrast. flat 2D vector illustration style, clean bold outlines, flat colors, vibrant color palette, cinematic lighting, 8-second continuous documentary video --ar 16:9"
CH05_SC011e,5,1,5,"Bóng đen người đàn ông ngồi thiền, các đường hào quang ảo ảnh tỏa ra xung quanh.","steady shot showing the clean black silhouette of a man meditating, trying to hold a floating globe of Earth with glowing yellow strings attached to his temples, set against a dark purple and gold gradient background. Symmetrical layout, glowing backlight. minimalist graphic novel ink style, high contrast, bold outlines, flat colors, vibrant color palette, cinematic lighting, 8-second continuous documentary video --ar 16:9"
CH05_SC011f,5,1,6,"Silhouette người ngồi thiền nhăn mặt căng thẳng, đầu đầy các tia sét đỏ xung đột.","steady shot showing the clean black silhouette of a person sitting in meditation with clenched fists and a strained posture, with red cracks spreading across their silhouette body, set against a dark red and black gradient background. Symmetrical composition, dramatic chiaroscuro. minimalist graphic novel ink style, high contrast, bold outlines, flat colors, vibrant color palette, cinematic lighting, 8-second continuous documentary video --ar 16:9"
CH05_SC011g,5,1,6,"Bức tranh ẩn dụ 2D nghệ thuật tâm lý, bóng đen con người và các luồng sáng màu gradient rực rỡ thể hiện nội dung: Khi thực tế không như ý, nỗ lực kiểm soát ảo tưởng này lập tức đổ vỡ.","steady shot showing a flat 2D vector graphic of a glass house shattering into pieces, on a solid dark gray background. Clean outlines, high contrast. flat 2D vector illustration style, clean bold outlines, flat colors, vibrant color palette, cinematic lighting, 8-second continuous documentary video --ar 16:9"
CH05_SC011h,5,1,7,"Bức tranh ẩn dụ 2D nghệ thuật tâm lý, bóng đen con người và các luồng sáng màu gradient rực rỡ thể hiện nội dung: Nó đẩy bạn vào bất toại nguyện kinh niên (Dukkha) và sự tự trách bản thân không có lối thoát.","steady shot showing the clean black silhouette of a man walking in a circle in a dark room, with his own shadows pointing at him, set against a dark gray and indigo gradient background. Moody lighting, deep shadows. minimalist graphic novel ink style, high contrast, bold outlines, flat colors, vibrant color palette, cinematic lighting, 8-second continuous documentary video --ar 16:9"
CH05_SC012a,5,1,8,"Bóng đen người đàn ông tự đấm vào ngực mình trong ân hận dưới ánh đèn đơn độc.","steady shot showing the clean black silhouette of a man sitting alone under a single cold blue hanging lightbulb, clutching his chest in regret and anxiety, set against a dark charcoal gradient background. Symmetrical composition, dramatic chiaroscuro. minimalist graphic novel ink style, high contrast, bold outlines, flat colors, vibrant color palette, cinematic lighting, 8-second continuous documentary video --ar 16:9"
CH06_SC001a,6,1,4,"Bức tranh ẩn dụ 2D nghệ thuật tâm lý, bóng đen con người và các luồng sáng màu gradient rực rỡ thể hiện nội dung: Trong tâm lý học lâm sàng có một khái niệm quan trọng.","steady shot showing the clean black silhouette of a person standing before a large, glowing green clinical chart, set against a dark teal and violet gradient background. Moody backlight, deep silhouettes. minimalist graphic novel ink style, high contrast, bold outlines, flat colors, vibrant color palette, cinematic lighting, 8-second continuous documentary video --ar 16:9"
CH06_SC001b,6,1,5," Silhouette một người ôm đầu, xung quanh lơ lửng các ký hiệu cảnh báo đỏ.","steady shot showing the clean black silhouette of a person sitting curled up, holding their head in distress, with glowing red warning triangle icons floating around them, set against a dark red and black gradient background. Symmetrical composition, dramatic chiaroscuro. minimalist graphic novel ink style, high contrast, bold outlines, flat colors, vibrant color palette, cinematic lighting, 8-second continuous documentary video --ar 16:9"
CH06_SC001c,6,2,7,"Bức tranh ẩn dụ 2D nghệ thuật tâm lý, bóng đen con người và các luồng sáng màu gradient rực rỡ thể hiện nội dung: Đó là Thang đo Dung hợp Suy nghĩ - Hành động (TAF).","steady shot showing a flat 2D vector graphic of a balance scale with a brain outline on one side and a heavy iron block labeled ""ACTION"" in English on the other, perfectly balanced, on a solid dark gray background. Symmetrical composition, clean outlines. flat 2D vector illustration style, clean bold outlines, flat colors, vibrant color palette, cinematic lighting, 8-second continuous documentary video --ar 16:9"
CH06_SC001d,6,1,8,"Bức tranh ẩn dụ 2D nghệ thuật tâm lý, bóng đen con người và các luồng sáng màu gradient rực rỡ thể hiện nội dung: Người bệnh tin rằng chỉ cần xuất hiện ý nghĩ tiêu cực trong đầu, nó sẽ lập tức biến thành lực vật lý thu hút tai họa bên ngoài.","steady shot showing the clean black silhouette of a person's head with a dark storm cloud inside their brain, sending down a lightning bolt to strike a small house silhouette below, set against a dark indigo and grey gradient background. Moody lighting, deep shadows. minimalist graphic novel ink style, high contrast, bold outlines, flat colors, vibrant color palette, cinematic lighting, 8-second continuous documentary video --ar 16:9"
CH06_SC002a,6,1,8,"Bóng đen người đàn ông ngồi thiền, các đường hào quang ảo ảnh tỏa ra xung quanh.","steady shot showing the clean black silhouette of a person sitting in meditation, with a giant neon yellow arrow looping from their head back to their heart, set against a dark purple and gold gradient background. Symmetrical layout, glowing backlight. minimalist graphic novel ink style, high contrast, bold outlines, flat colors, vibrant color palette, cinematic lighting, 8-second continuous documentary video --ar 16:9"
CH06_SC003a,6,1,8,"Bóng đen người đàn ông ngồi thiền, các đường hào quang ảo ảnh tỏa ra xung quanh.","steady shot showing the clean black silhouette of a person meditating, surrounded by multiple glowing security camera vectors pointing directly at their head, set against a dark gray and teal gradient background. Symmetrical composition, dramatic chiaroscuro. minimalist graphic novel ink style, high contrast, bold outlines, flat colors, vibrant color palette, cinematic lighting, 8-second continuous documentary video --ar 16:9"
CH06_SC003b,6,1,8,"Bức tranh ẩn dụ 2D nghệ thuật tâm lý, bóng đen con người và các luồng sáng màu gradient rực rỡ thể hiện nội dung: Bạn đè nén mọi nỗi buồn, đàn áp sự lo âu, lo sợ rằng chỉ cần một khoảnh khắc tinh thần chùng xuống, bạn sẽ thu hút vận xui và sự nghèo đói.","steady shot showing the clean black silhouette of a hand trying to force a dark stormy cloud down into a small chest, with sparks of red light escaping, set against a dark purple and indigo gradient background. Moody lighting, deep shadows. minimalist graphic novel ink style, high contrast, bold outlines, flat colors, vibrant color palette, cinematic lighting, 8-second continuous documentary video --ar 16:9"
CH06_SC003c,6,1,8,"Bức tranh ẩn dụ 2D nghệ thuật tâm lý, bóng đen con người và các luồng sáng màu gradient rực rỡ thể hiện nội dung: Nhưng nỗ lực ức chế suy nghĩ này chính là cơ chế hoàn hảo nhất để làm suy kiệt hệ thần kinh.","steady shot showing a flat 2D vector graphic of a battery outline draining from green to blinking red, with a warning exclamation mark icon next to it, on a solid dark gray background. Clean outlines, high contrast. flat 2D vector illustration style, clean bold outlines, flat colors, vibrant color palette, cinematic lighting, 8-second continuous documentary video --ar 16:9"
CH06_SC003d,6,1,8,"Bức tranh ẩn dụ 2D nghệ thuật tâm lý, bóng đen con người và các luồng sáng màu gradient rực rỡ thể hiện nội dung: Khi bạn nghiến răng ra lệnh cho bộ não không được nghĩ về thất bại, hình ảnh thất bại chính thức được in chết vào trung tâm trí nhớ của bạn.","steady shot showing a flat 2D vector graphic of a brain outline with the English word ""FAILURE"" stamped in big red letters right in the center, on a solid dark gray background. Symmetrical layout, soft warm lighting. flat 2D vector illustration style, clean bold outlines, flat colors, vibrant color palette, cinematic lighting, 8-second continuous documentary video --ar 16:9"
CH06_SC003e,6,1,5,"Các phân tử cortisol màu đỏ độc hại luồn lách qua các sợi dây thần kinh màu xám.","steady shot showing a flat 2D vector graphic of a grey neural network with tiny, sharp red particles labeled ""CORTISOL"" in English drifting along the fibers, on a solid dark gray background. Symmetrical composition, high contrast. flat 2D vector illustration style, clean bold outlines, flat colors, vibrant color palette, cinematic lighting, 8-second continuous documentary video --ar 16:9"
CH06_SC003f,6,1,5,"Bức tranh ẩn dụ 2D nghệ thuật tâm lý, bóng đen con người và các luồng sáng màu gradient rực rỡ thể hiện nội dung: Nó đẩy bạn vào lo âu mãn tính và kiệt quệ năng lượng nhận thức.","steady shot showing the clean black silhouette of a person walking inside a dark, endless maze of grey brick walls under a cloudy sky, set against a dark grey and blue gradient background. Moody lighting, deep shadows. minimalist graphic novel ink style, high contrast, bold outlines, flat colors, vibrant color palette, cinematic lighting, 8-second continuous documentary video --ar 16:9"
CH06_SC004a,6,1,7,"Bức tranh ẩn dụ 2D nghệ thuật tâm lý, bóng đen con người và các luồng sáng màu gradient rực rỡ thể hiện nội dung: Tác hại thực tế của việc ép buộc tích cực này đã được định lượng một cách chính xác.","steady shot showing a flat 2D vector graphic of a document labeled ""BEHAVIORAL REPORT"" in English under a bright spotlight, with a red stamp ""QUANTIFIED"" appearing, on a solid dark gray background. Clean outlines, high contrast. flat 2D vector illustration style, clean bold outlines, flat colors, vibrant color palette, cinematic lighting, 8-second continuous documentary video --ar 16:9"
CH06_SC004b,6,1,8,"Biểu đồ tài chính dốc xuống với biểu tượng đồng xu Bitcoin bị nứt làm đôi.","steady shot showing a flat 2D vector graphic of a financial line chart plunging sharply downwards, with a gold coin with a dollar symbol cracked in two, on a solid dark gray background. Symmetrical composition, high contrast. flat 2D vector illustration style, clean bold outlines, flat colors, vibrant color palette, cinematic lighting, 8-second continuous documentary video --ar 16:9"
CH06_SC004c,6,1,8,"Bức tranh ẩn dụ 2D nghệ thuật tâm lý, bóng đen con người và các luồng sáng màu gradient rực rỡ thể hiện nội dung: Kết quả chỉ ra rằng: những người có điểm số cao trên Thang đo Biểu hiện hóa không hề trở nên giàu có hơn.","steady shot showing a flat 2D vector graphic of a survey paper with a high score ""98/100"" next to a digital bank balance of ""$0.00"" in English, on a solid dark gray background. Clean outlines, high contrast. flat 2D vector illustration style, clean bold outlines, flat colors, vibrant color palette, cinematic lighting, 8-second continuous documentary video --ar 16:9"
CH06_SC004d,6,1,8," Silhouette người đàn ông ngồi gục đầu bên đống hóa đơn nợ nần chồng chất dưới ánh đèn bàn leo lét.","steady shot showing the clean black silhouette of a man sitting at a desk with his head down in despair, surrounded by stacks of papers and a red chart line pointing downwards, set against a dark teal and gray gradient background. Symmetrical composition, dramatic chiaroscuro. minimalist graphic novel ink style, high contrast, bold outlines, flat colors, vibrant color palette, cinematic lighting, 8-second continuous documentary video --ar 16:9"
CH06_SC004e,6,1,6,"Mạng lưới phễu lọc chặn các chấm tròn xám nhiễu và chỉ cho chiếc chìa khóa vàng đi qua.","steady shot showing a flat 2D vector graphic of a mesh funnel filter with large holes letting grey dust and broken pieces fall through, failing to block them, on a solid dark gray background. Clean outlines, high contrast. flat 2D vector illustration style, clean bold outlines, flat colors, vibrant color palette, cinematic lighting, 8-second continuous documentary video --ar 16:9"
CH06_SC004f,6,1,5,"Biểu đồ tài chính dốc xuống với biểu tượng đồng xu Bitcoin bị nứt làm đôi.","slow camera panning showing a flat 2D vector graphic of a golden coin falling into a dark, bottomless funnel, with glowing red arrow lines pointing down, on a solid dark gray background. Clean outlines, high contrast. flat 2D vector illustration style, clean bold outlines, flat colors, vibrant color palette, cinematic lighting, 8-second continuous documentary video --ar 16:9"
CH06_SC004g,6,1,5,"Bóng đen người đàn ông ngồi thiền, các đường hào quang ảo ảnh tỏa ra xung quanh.","steady shot showing the clean black silhouette of a person meditating in front of a safe vault, with the vault door swinging open and money flying out, set against a dark purple and indigo gradient background. Moody backlight, deep silhouettes. minimalist graphic novel ink style, high contrast, bold outlines, flat colors, vibrant color palette, cinematic lighting, 8-second continuous documentary video --ar 16:9"
CH06_SC005a,6,1,5,"Mặt nạ cười bằng sứ trắng bị nứt vỡ, để lộ khuôn mặt u sầu phía sau.","steady shot showing a flat 2D vector graphic of a smiling white porcelain mask with thin cracks spreading across the surface, slowly cracking open to reveal a sad blue crying eye vector behind it, on a solid dark gray background. Symmetrical composition, high contrast. flat 2D vector illustration style, clean bold outlines, flat colors, vibrant color palette, cinematic lighting, 8-second continuous documentary video --ar 16:9"
CH06_SC005b,6,1,6,"Bức tranh ẩn dụ 2D nghệ thuật tâm lý, bóng đen con người và các luồng sáng màu gradient rực rỡ thể hiện nội dung: Năm 2016, một nghiên cứu dọc bảy tháng được công bố trên tạp chí Khoa học Tâm lý.","steady shot showing a flat 2D vector graphic of a calendar page with pages flipping rapidly from January to July under a warm lamp, on a solid dark gray background. Clean outlines, high contrast. flat 2D vector illustration style, clean bold outlines, flat colors, vibrant color palette, cinematic lighting, 8-second continuous documentary video --ar 16:9"
CH06_SC005c,6,1,5,"Mặt nạ cười bằng sứ trắng bị nứt vỡ, để lộ khuôn mặt u sầu phía sau.","steady shot showing a flat 2D vector graphic of a syringe with a glowing pink liquid labeled ""HOPE"" in English, slowly emptying its content, on a solid dark gray background. Symmetrical layout, soft warm lighting. flat 2D vector illustration style, clean bold outlines, flat colors, vibrant color palette, cinematic lighting, 8-second continuous documentary video --ar 16:9"
CH06_SC005d,6,1,8,"Bức tranh ẩn dụ 2D nghệ thuật tâm lý, bóng đen con người và các luồng sáng màu gradient rực rỡ thể hiện nội dung: Nhưng sau bảy tháng, những người mơ mộng nhiều nhất lại biểu hiện các triệu chứng trầm cảm lâm sàng nặng nề nhất.","steady shot showing the clean black silhouette of a person sitting in a dark corner, curled up with their head on their knees under a cold blue spotlight, set against a dark indigo and grey gradient background. Moody lighting, deep shadows. minimalist graphic novel ink style, high contrast, bold outlines, flat colors, vibrant color palette, cinematic lighting, 8-second continuous documentary video --ar 16:9"
CH06_SC005e,6,1,6,"Bức tranh ẩn dụ 2D nghệ thuật tâm lý, bóng đen con người và các luồng sáng màu gradient rực rỡ thể hiện nội dung: Khi ảo tưởng cản trở hành động, thất bại ngoài đời thực là điều tất yếu.","steady shot showing the clean black silhouette of a person standing before a crumbling brick wall that is collapsing, set against a dark orange and grey gradient background. Moody backlight, deep silhouettes. minimalist graphic novel ink style, high contrast, bold outlines, flat colors, vibrant color palette, cinematic lighting, 8-second continuous documentary video --ar 16:9"
CH06_SC005f,6,2,8,"Bóng đen người đàn ông tự đấm vào ngực mình trong ân hận dưới ánh đèn đơn độc.","steady shot showing the clean black silhouette of a man beating his own chest in regret under a single, dim hanging lamp in a dark room, set against a dark charcoal gradient background. Symmetrical composition, dramatic chiaroscuro. minimalist graphic novel ink style, high contrast, bold outlines, flat colors, vibrant color palette, cinematic lighting, 8-second continuous documentary video --ar 16:9"
CH06_SC005g,6,1,4,"Bức tranh ẩn dụ 2D nghệ thuật tâm lý, bóng đen con người và các luồng sáng màu gradient rực rỡ thể hiện nội dung: Điều này tạo thành vòng xoáy trầm cảm không lối thoát.","steady shot showing the clean black silhouette of a person falling slowly into a dark, swirling whirlpool of blue and black water, set against a dark indigo gradient background. Moody lighting, deep shadows. minimalist graphic novel ink style, high contrast, bold outlines, flat colors, vibrant color palette, cinematic lighting, 8-second continuous documentary video --ar 16:9"
CH06_SC006a,6,1,8,"Một chiếc gương lớn phản chiếu cái bóng đen khổng lồ của chính người đàn ông.","steady shot showing the clean black silhouette of a man standing before a tall vintage mirror that reflects a giant, towering shadow of himself wearing a crown, set against a dark teal and violet gradient background. Symmetrical composition, dramatic chiaroscuro. minimalist graphic novel ink style, high contrast, bold outlines, flat colors, vibrant color palette, cinematic lighting, 8-second continuous documentary video --ar 16:9"
CH06_SC006b,6,1,4,"Một chiếc gương lớn phản chiếu cái bóng đen khổng lồ của chính người đàn ông.","steady shot showing a flat 2D vector graphic of a network of blue light points in the center of a brain silhouette, labeled ""DMN NETWORK"" in English, on a solid dark gray background. Symmetrical layout, soft warm lighting. flat 2D vector illustration style, clean bold outlines, flat colors, vibrant color palette, cinematic lighting, 8-second continuous documentary video --ar 16:9"
CH06_SC006c,6,1,7,"Bóng đen một người đàn ông nhìn lên bầu trời đầy sao lấp lánh, tràn ngập hy vọng.","steady shot showing the clean black silhouette of a person looking at a floating chalkboard filled with personal achievements and the word ""ME"" in English, set against a dark purple and gold gradient background. Moody backlight, deep silhouettes. minimalist graphic novel ink style, high contrast, bold outlines, flat colors, vibrant color palette, cinematic lighting, 8-second continuous documentary video --ar 16:9"
CH06_SC006d,6,1,8,"Bóng đen người đàn ông ngồi thiền, các đường hào quang ảo ảnh tỏa ra xung quanh.","steady shot showing the clean black silhouette of a person sitting in meditation, with their brain silhouette glowing with red-hot sparks and spinning gears, set against a dark gray and red gradient background. Moody lighting, deep shadows. minimalist graphic novel ink style, high contrast, bold outlines, flat colors, vibrant color palette, cinematic lighting, 8-second continuous documentary video --ar 16:9"
CH06_SC006e,6,1,8,"Đám mây trắng đơn độc trôi chậm rãi trên bầu trời xanh trong vắt tĩnh lặng.","steady shot showing a single fluffy white cloud drifting slowly across a calm, clear blue sky under a warm golden sun, set against a solid blue background. Symmetrical composition, soft lighting. minimalist graphic novel ink style, high contrast, bold outlines, flat colors, vibrant color palette, cinematic lighting, 8-second continuous documentary video --ar 16:9"
CH06_SC006f,6,1,5,"Bức tranh ẩn dụ 2D nghệ thuật tâm lý, bóng đen con người và các luồng sáng màu gradient rực rỡ thể hiện nội dung: Chúng không có tự tính độc lập và hoàn toàn không phải là ""tôi"".","steady shot showing a flat 2D vector graphic of a bubble labeled ""MY THOUGHTS"" in English slowly popping and dissolving into clear air, on a solid dark gray background. Clean outlines, high contrast. flat 2D vector illustration style, clean bold outlines, flat colors, vibrant color palette, cinematic lighting, 8-second continuous documentary video --ar 16:9"
CH06_SC006g,6,1,8,"Một chiếc gương lớn phản chiếu cái bóng đen khổng lồ của chính người đàn ông.","steady shot showing the clean black silhouette of a person standing with open arms under a sky where dark clouds are parting to reveal stars, set against a dark teal and violet gradient background. Moody backlight, deep silhouettes. minimalist graphic novel ink style, high contrast, bold outlines, flat colors, vibrant color palette, cinematic lighting, 8-second continuous documentary video --ar 16:9"
CH06_SC006h,6,1,6,"Bức tranh ẩn dụ 2D nghệ thuật tâm lý, bóng đen con người và các luồng sáng màu gradient rực rỡ thể hiện nội dung: Nó giải phóng hệ thần kinh khỏi lo âu cưỡng chế, trả lại sự tự tại nguyên bản.","steady shot showing the clean black silhouette of a bird escaping from an open birdcage and flying towards a glowing yellow sunset sky, set against a dark blue and gold gradient background. Moody backlight, deep silhouettes. minimalist graphic novel ink style, high contrast, bold outlines, flat colors, vibrant color palette, cinematic lighting, 8-second continuous documentary video --ar 16:9"
CH06_SC007a,6,1,8," Silhouette người đàn ông ngồi gục đầu bên đống hóa đơn nợ nần chồng chất dưới ánh đèn bàn leo lét.","steady shot showing the clean black silhouette of a man sitting at a table looking down in despair, surrounded by piles of overdue bill notices and an empty coin jar under a dim hanging lamp, set against a dark teal and gray gradient background. Symmetrical layout, dramatic chiaroscuro. minimalist graphic novel ink style, high contrast, bold outlines, flat colors, vibrant color palette, cinematic lighting, 8-second continuous documentary video --ar 16:9"
CH07_SC001a,7,1,4,"Bức tranh ẩn dụ 2D nghệ thuật tâm lý, bóng đen con người và các luồng sáng màu gradient rực rỡ thể hiện nội dung: Khi mua sách tự lực, ta thường mặc định một giả thuyết.","steady shot showing the clean black silhouette of a person purchasing a glowing self-help book from a shelf, set against a dark teal and violet gradient background. Moody lighting, deep shadows. minimalist graphic novel ink style, high contrast, bold outlines, flat colors, vibrant color palette, cinematic lighting, 8-second continuous documentary video --ar 16:9"
CH07_SC001b,7,1,7,"Bức tranh ẩn dụ 2D nghệ thuật tâm lý, bóng đen con người và các luồng sáng màu gradient rực rỡ thể hiện nội dung: Đó là người viết ra cuốn sách phải làm chủ được cuộc đời, đạt được thành tựu họ giảng dạy.","steady shot showing the clean black silhouette of a writer standing atop a mountain of gold coins, with glowing yellow paths leading upwards, set against a dark purple and gold gradient background. Symmetrical layout, soft warm lighting. minimalist graphic novel ink style, high contrast, bold outlines, flat colors, vibrant color palette, cinematic lighting, 8-second continuous documentary video --ar 16:9"
CH07_SC001c,7,1,3,"Bức tranh ẩn dụ 2D nghệ thuật tâm lý, bóng đen con người và các luồng sáng màu gradient rực rỡ thể hiện nội dung: Ta ít khi lùi lại để kiểm chứng.","steady shot showing a flat 2D vector graphic of a magnifying glass scanning a page of text, with the letters turning to binary code vectors, on a solid dark gray background. Clean outlines, high contrast. flat 2D vector illustration style, clean bold outlines, flat colors, vibrant color palette, cinematic lighting, 8-second continuous documentary video --ar 16:9"
CH07_SC001d,7,1,8,"Bức tranh ẩn dụ 2D nghệ thuật tâm lý, bóng đen con người và các luồng sáng màu gradient rực rỡ thể hiện nội dung: Liệu đời tư thực tế của người thầy đó có khớp với những lời hứa hẹn lấp lánh trên trang giấy hay không.","steady shot showing a flat 2D vector graphic of a dividing line, separating a shiny golden trophy icon on the left, and a dark broken brick icon on the right, on a solid dark gray background. Symmetrical composition, clean outlines. flat 2D vector illustration style, clean bold outlines, flat colors, vibrant color palette, cinematic lighting, 8-second continuous documentary video --ar 16:9"
CH07_SC002a,7,1,4,"Silhouette một người đàn ông đội mũ phớt che nửa mặt đi vào bóng tối đường phố.","steady shot showing the clean black silhouette of a writer walking alone down a snowy street under a single blue lamp, set against a dark indigo and grey gradient background. Moody lighting, deep shadows. minimalist graphic novel ink style, high contrast, bold outlines, flat colors, vibrant color palette, cinematic lighting, 8-second continuous documentary video --ar 16:9"
CH07_SC002b,7,1,6," Silhouette người đàn ông ngồi gục đầu bên đống hóa đơn nợ nần chồng chất dưới ánh đèn bàn leo lét.","steady shot showing the clean black silhouette of a distressed man sitting at a desk littered with unpaid bill papers under a single dim hanging lightbulb, set against a dark gray and teal gradient background. Symmetrical composition, dramatic chiaroscuro. minimalist graphic novel ink style, high contrast, bold outlines, flat colors, vibrant color palette, cinematic lighting, 8-second continuous documentary video --ar 16:9"
CH07_SC002c,7,1,3,"Bức tranh ẩn dụ 2D nghệ thuật tâm lý, bóng đen con người và các luồng sáng màu gradient rực rỡ thể hiện nội dung: Ông chỉ giàu lên nhờ bán sách.","steady shot showing a flat 2D vector graphic of a printing press rapidly printing copies of a book with a dollar sign cover, on a solid dark gray background. Clean outlines, high contrast. flat 2D vector illustration style, clean bold outlines, flat colors, vibrant color palette, cinematic lighting, 8-second continuous documentary video --ar 16:9"
CH07_SC003a,7,1,8,"Lệnh truy nã cổ điển năm 1908 in chữ ""Oliver Hill"" trên nền giấy nâu ố cũ kỹ.","steady shot showing a flat 2D vintage 1908 arrest warrant document silhouette on stained brown paper, with a red stamp ""FUGITIVE"" in English appearing on top, on a solid dark gray background. Symmetrical layout, soft warm lighting. flat 2D vector illustration style, clean bold outlines, flat colors, vibrant color palette, cinematic lighting, 8-second continuous documentary video --ar 16:9"
CH07_SC003b,7,1,7,"Cánh cửa trường học cổ kính bị khóa xích sắt hoen gỉ, biển ""CLOSED"" treo nghiêng.","steady shot showing the closed wooden double doors of an old school building, wrapped in thick rusty chains and a heavy padlock, with a wooden sign labeled ""CLOSED"" in English hanging crookedly, set against a dark gray background. Symmetrical composition, high contrast. flat 2D vector illustration style, clean bold outlines, flat colors, vibrant color palette, cinematic lighting, 8-second continuous documentary video --ar 16:9"
CH07_SC003c,7,1,6," Silhouette người đàn ông ngồi gục đầu bên đống hóa đơn nợ nần chồng chất dưới ánh đèn bàn leo lét.","steady shot showing the clean black silhouette of an empty classroom with rows of vacant desks under a flickering lightbulb, set against a dark teal and gray gradient background. Symmetrical layout, dramatic chiaroscuro. minimalist graphic novel ink style, high contrast, bold outlines, flat colors, vibrant color palette, cinematic lighting, 8-second continuous documentary video --ar 16:9"
CH07_SC003d,7,1,8,"Bức tranh ẩn dụ 2D nghệ thuật tâm lý, bóng đen con người và các luồng sáng màu gradient rực rỡ thể hiện nội dung: Ngay cả vào năm 1937, khi cuốn sách Nghĩ Giàu và Làm Giàu được xuất bản, Hill đang ở trong trạng thái khánh kiệt.","steady shot showing the clean black silhouette of a man in a worn coat walking past a bookstore window displaying a glowing book, set against a dark blue and grey gradient background. Moody lighting, deep shadows. minimalist graphic novel ink style, high contrast, bold outlines, flat colors, vibrant color palette, cinematic lighting, 8-second continuous documentary video --ar 16:9"
CH07_SC003e,7,2,7,"Bản thỏa thuận ly hôn đặt trên bàn gỗ, chiếc nhẫn cưới nằm đơn độc bên cạnh.","steady shot showing a flat 2D vector graphic of a document labeled ""DIVORCE DECREE"" in English lying on a dark wooden table, with a simple gold wedding ring sitting next to it under a cold spotlight, on a solid dark gray background. Symmetrical composition, high contrast. flat 2D vector illustration style, clean bold outlines, flat colors, vibrant color palette, cinematic lighting, 8-second continuous documentary video --ar 16:9"
CH07_SC003f,7,1,4,"Bức tranh ẩn dụ 2D nghệ thuật tâm lý, bóng đen con người và các luồng sáng màu gradient rực rỡ thể hiện nội dung: Bà phải tự gánh vác toàn bộ tài chính gia đình.","steady shot showing the clean black silhouette of a woman carrying a heavy bag of coins up a flight of stone stairs, set against a dark gray and orange gradient background. Moody backlight, deep silhouettes. minimalist graphic novel ink style, high contrast, bold outlines, flat colors, vibrant color palette, cinematic lighting, 8-second continuous documentary video --ar 16:9"
CH07_SC004a,7,1,7,"Bức tranh ẩn dụ 2D nghệ thuật tâm lý, bóng đen con người và các luồng sáng màu gradient rực rỡ thể hiện nội dung: Nhưng chi tiết kỳ dị và đáng kinh ngạc nhất trong cuộc đời của Hill diễn ra vào năm 1939.","steady shot showing the clean black silhouette of a vintage grandfather clock with its hands spinning backwards rapidly under a green light, set against a dark teal and violet gradient background. Moody lighting, deep shadows. minimalist graphic novel ink style, high contrast, bold outlines, flat colors, vibrant color palette, cinematic lighting, 8-second continuous documentary video --ar 16:9"
CH07_SC005a,7,1,7,"Căn phòng làm việc cổ kính, sang trọng tại New York với thảm đỏ và ghế da lớn.","steady shot showing the grand exterior silhouette of a stone mansion with large arched windows glowing with neon green light, set against a dark blue and gold gradient background. Symmetrical composition, moody backlight. minimalist graphic novel ink style, high contrast, bold outlines, flat colors, vibrant color palette, cinematic lighting, 8-second continuous documentary video --ar 16:9"
CH07_SC005b,7,1,7,"Bức tranh ẩn dụ 2D nghệ thuật tâm lý, bóng đen con người và các luồng sáng màu gradient rực rỡ thể hiện nội dung: Giáo phái này tuyên bố rằng cái chết và bệnh tật chỉ là những lỗi lầm nhận thức của tâm trí.","steady shot showing a flat 2D vector graphic of a human silhouette with a glowing green shield blocking a skull and crossbones icon vector, on a solid dark gray background. Clean outlines, high contrast. flat 2D vector illustration style, clean bold outlines, flat colors, vibrant color palette, cinematic lighting, 8-second continuous documentary video --ar 16:9"
CH07_SC005c,7,1,5,"Nôi em bé màu trắng đặt giữa sảnh lớn biệt thự sang trọng của giáo phái Metaphysicians.","steady shot showing a simple white baby crib standing in the center of a massive, empty stone hall under a single hanging chandelier, set against a dark indigo and gold gradient background. Symmetrical composition, soft warm lighting. minimalist graphic novel ink style, high contrast, bold outlines, flat colors, vibrant color palette, cinematic lighting, 8-second continuous documentary video --ar 16:9"
CH07_SC005d,7,1,7,"Nôi em bé màu trắng đặt giữa sảnh lớn biệt thự sang trọng của giáo phái Metaphysicians.","steady shot showing a flat 2D vector graphic of a baby crib surrounded by an glowing golden infinity symbol line vector, on a solid dark gray background. Symmetrical composition, clean outlines. flat 2D vector illustration style, clean bold outlines, flat colors, vibrant color palette, cinematic lighting, 8-second continuous documentary video --ar 16:9"
CH07_SC005e,7,1,5,"Nôi em bé màu trắng đặt giữa sảnh lớn biệt thự sang trọng của giáo phái Metaphysicians.","slow camera panning showing the clean black silhouette of a man wearing a coat standing next to a baby crib in a grand room, looking down, set against a dark purple and teal gradient background. Moody backlight, deep silhouettes. minimalist graphic novel ink style, high contrast, bold outlines, flat colors, vibrant color palette, cinematic lighting, 8-second continuous documentary video --ar 16:9"
CH07_SC005f,7,1,5,"Bức tranh ẩn dụ 2D nghệ thuật tâm lý, bóng đen con người và các luồng sáng màu gradient rực rỡ thể hiện nội dung: Ông thường đứng thuyết giảng để truyền bá sức mạnh ý chí tối thượng.","steady shot showing the clean black silhouette of a man standing on a podium with his hand raised, preaching to a crowd of silhouettes under a bright yellow beam of light, set against a dark gray and amber gradient background. Moody backlight, deep silhouettes. minimalist graphic novel ink style, high contrast, bold outlines, flat colors, vibrant color palette, cinematic lighting, 8-second continuous documentary video --ar 16:9"
CH07_SC006a,7,2,7,"Nôi em bé màu trắng đặt giữa sảnh lớn biệt thự sang trọng của giáo phái Metaphysicians.","steady shot showing a flat 2D vector graphic of a calendar page with the year ""1940"" ripping in half and falling away under a cold spotlight, on a solid dark gray background. Symmetrical composition, high contrast. flat 2D vector illustration style, clean bold outlines, flat colors, vibrant color palette, cinematic lighting, 8-second continuous documentary video --ar 16:9"
CH07_SC006b,7,1,8,"Nôi em bé màu trắng đặt giữa sảnh lớn biệt thự sang trọng của giáo phái Metaphysicians.","steady shot showing the clean black silhouette of metal prison bars slamming shut in front of a chest filled with gold coins, set against a dark red and black gradient background. High contrast, dramatic chiaroscuro. minimalist graphic novel ink style, high contrast, bold outlines, flat colors, vibrant color palette, cinematic lighting, 8-second continuous documentary video --ar 16:9"
CH07_SC006c,7,1,8,"Nôi em bé màu trắng đặt giữa sảnh lớn biệt thự sang trọng của giáo phái Metaphysicians.","slow camera panning showing the clean black silhouette of a little girl playing happily with a toy block on a sunny park lawn, under a large green tree silhouette, set against a dark blue and gold gradient background. Moody backlight, soft shadows. minimalist graphic novel ink style, high contrast, bold outlines, flat colors, vibrant color palette, cinematic lighting, 8-second continuous documentary video --ar 16:9"
CH07_SC006d,7,1,8,"Silhouette một người đàn ông đội mũ phớt che nửa mặt đi vào bóng tối đường phố.","steady shot showing the clean black silhouette of a man using an eraser to remove text from a large leather book page under a desk lamp, set against a dark teal and grey gradient background. Moody lighting, deep shadows. minimalist graphic novel ink style, high contrast, bold outlines, flat colors, vibrant color palette, cinematic lighting, 8-second continuous documentary video --ar 16:9"
CH07_SC007a,7,1,3,"Bóng đen chân dung Napoleon Hill tách đôi, một nửa sáng một nửa tối tương phản.","steady shot showing a flat 2D vector graphic of a large question mark icon split down the middle, with one side gold and the other side rusty grey, on a solid dark gray background. Symmetrical layout, soft warm lighting. flat 2D vector illustration style, clean bold outlines, flat colors, vibrant color palette, cinematic lighting, 8-second continuous documentary video --ar 16:9"
CH07_SC007b,7,1,8," Silhouette người đàn ông ngồi gục đầu bên đống hóa đơn nợ nần chồng chất dưới ánh đèn bàn leo lét.","steady shot showing the clean black silhouette of a man standing before a blank blackboard, with a zero ""0"" drawn in chalk under a dim lamp, set against a dark charcoal gradient background. Symmetrical composition, dramatic chiaroscuro. minimalist graphic novel ink style, high contrast, bold outlines, flat colors, vibrant color palette, cinematic lighting, 8-second continuous documentary video --ar 16:9"
CH07_SC007c,7,1,7,"Bức tranh ẩn dụ 2D nghệ thuật tâm lý, bóng đen con người và các luồng sáng màu gradient rực rỡ thể hiện nội dung: Ông phải tìm kiếm sự nương tựa trong các tổ chức tà giáo kỳ lạ để trục lợi tài chính.","steady shot showing the clean black silhouette of a man walking into a dark temple silhouette with a glowing green eye symbol above the door, set against a dark purple and indigo gradient background. Moody lighting, deep shadows. minimalist graphic novel ink style, high contrast, bold outlines, flat colors, vibrant color palette, cinematic lighting, 8-second continuous documentary video --ar 16:9"
CH07_SC007d,7,1,8,"Silhouette một người đàn ông đội mũ phớt che nửa mặt đi vào bóng tối đường phố.","steady shot showing a flat 2D vector graphic of a book with a glowing gold cover rising up towards a sky filled with dollar bills, set against a solid dark gray background. Clean outlines, high contrast. flat 2D vector illustration style, clean bold outlines, flat colors, vibrant color palette, cinematic lighting, 8-second continuous documentary video --ar 16:9"
CH07_SC008a,7,1,4,"Một chiếc hố đen hút những đồng tiền vàng vào hư vô.","steady shot showing a flat 2D vector graphic of a swirling dark whirlpool sucking in multiple green paper dollars and gold coins, on a solid dark gray background. Symmetrical layout, high contrast. flat 2D vector illustration style, clean bold outlines, flat colors, vibrant color palette, cinematic lighting, 8-second continuous documentary video --ar 16:9"
CH07_SC008b,7,1,5,"Bức tranh ẩn dụ 2D nghệ thuật tâm lý, bóng đen con người và các luồng sáng màu gradient rực rỡ thể hiện nội dung: Độc giả chi tiền mua sách để sửa đổi tư duy khi thất bại.","steady shot showing the clean black silhouette of a hand inserting coins into a slot labeled ""HOPE VENDOR"" in English, on a solid dark gray background. Symmetrical composition, clean outlines. flat 2D vector illustration style, clean bold outlines, flat colors, vibrant color palette, cinematic lighting, 8-second continuous documentary video --ar 16:9"
CH07_SC008c,7,1,7,"Bức tranh ẩn dụ 2D nghệ thuật tâm lý, bóng đen con người và các luồng sáng màu gradient rực rỡ thể hiện nội dung: Họ không biết rằng tác giả chỉ giàu lên nhờ thu tiền từ họ, không phải nhờ phép màu sóng não.","steady shot showing the clean black silhouette of a writer sitting at a large desk counting a massive stack of money bags, set against a dark teal and violet gradient background. Moody backlight, deep silhouettes. minimalist graphic novel ink style, high contrast, bold outlines, flat colors, vibrant color palette, cinematic lighting, 8-second continuous documentary video --ar 16:9"
CH07_SC008d,7,1,8," Silhouette người đàn ông ngồi gục đầu bên đống hóa đơn nợ nần chồng chất dưới ánh đèn bàn leo lét.","steady shot showing the clean black silhouette of a man in a tattered business suit trying to teach a class of silhouettes, set against a dark orange and grey gradient background. Symmetrical layout, dramatic chiaroscuro. minimalist graphic novel ink style, high contrast, bold outlines, flat colors, vibrant color palette, cinematic lighting, 8-second continuous documentary video --ar 16:9"
CH07_SC008e,7,1,8,"Bức tranh ẩn dụ 2D nghệ thuật tâm lý, bóng đen con người và các luồng sáng màu gradient rực rỡ thể hiện nội dung: Sự tỉnh táo nhận thức đòi hỏi chúng ta phải tách biệt giữa ảo tưởng hào nhoáng của người bán và thực tế cuộc đời của họ.","steady shot showing a flat 2D vector graphic of a pair of eyeglasses, with one lens showing a golden sun icon and the other showing a grey brick wall icon, on a solid dark gray background. Symmetrical composition, clean outlines. flat 2D vector illustration style, clean bold outlines, flat colors, vibrant color palette, cinematic lighting, 8-second continuous documentary video --ar 16:9"
CH07_SC009a,7,1,8,"Bóng đen người đàn ông ngồi thiền, các đường hào quang ảo ảnh tỏa ra xung quanh.","steady shot showing the clean black silhouette of a man walking out of a dark cave into a bright, clear landscape under a morning sun, set against a dark blue and gold gradient background. Moody backlight, deep silhouettes. minimalist graphic novel ink style, high contrast, bold outlines, flat colors, vibrant color palette, cinematic lighting, 8-second continuous documentary video --ar 16:9"
CH08_SC001a,8,1,8,"Bức tranh ẩn dụ 2D nghệ thuật tâm lý, bóng đen con người và các luồng sáng màu gradient rực rỡ thể hiện nội dung: Khi những ảo tưởng ngọt ngào bị đập tan, bộ não của chúng ta rất dễ rơi vào một khoảng trống hoang mang.","steady shot showing the clean black silhouette of a person standing on a small island in a vast, empty white ocean, with grey fog swirling around them, set against a dark teal and violet gradient background. Moody lighting, deep shadows. minimalist graphic novel ink style, high contrast, bold outlines, flat colors, vibrant color palette, cinematic lighting, 8-second continuous documentary video --ar 16:9"
CH08_SC001b,8,1,4,"Bức tranh ẩn dụ 2D nghệ thuật tâm lý, bóng đen con người và các luồng sáng màu gradient rực rỡ thể hiện nội dung: Con người là sinh vật sống bằng ý nghĩa và hy vọng.","steady shot showing the clean black silhouette of a man holding a small glowing lantern in his hand, walking forward on a dark road, set against a dark blue and amber gradient background. Moody backlight, deep silhouettes. minimalist graphic novel ink style, high contrast, bold outlines, flat colors, vibrant color palette, cinematic lighting, 8-second continuous documentary video --ar 16:9"
CH08_SC001c,8,1,6,"Bức tranh ẩn dụ 2D nghệ thuật tâm lý, bóng đen con người và các luồng sáng màu gradient rực rỡ thể hiện nội dung: Chúng ta cần những mục tiêu và viễn cảnh tương lai để tiến về phía trước.","steady shot showing the clean black silhouette of a traveler looking at a distant, glowing city silhouette on the horizon under a starry night sky, set against a dark indigo and gold gradient background. Moody backlight, deep silhouettes. minimalist graphic novel ink style, high contrast, bold outlines, flat colors, vibrant color palette, cinematic lighting, 8-second continuous documentary video --ar 16:9"
CH08_SC001d,8,1,8,"Bóng đen người đàn ông ngồi thiền, các đường hào quang ảo ảnh tỏa ra xung quanh.","steady shot showing the clean black silhouette of a person sitting in meditation, with a large cracked mirror in front of them reflecting a broken, dark landscape, set against a dark charcoal and grey gradient background. Symmetrical layout, dramatic chiaroscuro. minimalist graphic novel ink style, high contrast, bold outlines, flat colors, vibrant color palette, cinematic lighting, 8-second continuous documentary video --ar 16:9"
CH08_SC001e,8,1,5,"Bức tranh ẩn dụ 2D nghệ thuật tâm lý, bóng đen con người và các luồng sáng màu gradient rực rỡ thể hiện nội dung: Liệu có một công cụ thực chứng nào giúp chúng ta đạt được ước mơ?","steady shot showing a flat 2D vector graphic of a key with gear patterns on the handle, glowing with bright yellow light under a magnifying glass, on a solid dark gray background. Symmetrical composition, clean outlines. flat 2D vector illustration style, clean bold outlines, flat colors, vibrant color palette, cinematic lighting, 8-second continuous documentary video --ar 16:9"
CH08_SC001f,8,1,8,"Bức tranh ẩn dụ 2D nghệ thuật tâm lý, bóng đen con người và các luồng sáng màu gradient rực rỡ thể hiện nội dung: Một phương pháp không cần phép màu siêu hình, và không bắt chúng ta phải tự trách bản thân khi thất bại.","steady shot showing a flat 2D vector graphic of a compass resting on a simple wooden ruler, with the compass needle pointing steady north, on a solid dark gray background. Symmetrical composition, clean outlines. flat 2D vector illustration style, clean bold outlines, flat colors, vibrant color palette, cinematic lighting, 8-second continuous documentary video --ar 16:9"
CH08_SC002a,8,1,3,"Đồ họa vector bốn ô chữ lớn W, O, O, P sáng rõ trên bảng đen tối giản.","steady shot showing a flat 2D vector graphic of four large square buttons with the letters ""W"", ""O"", ""O"", ""P"" in bold white text, glowing in neon green, on a solid dark gray background. Symmetrical composition, clean outlines. flat 2D vector illustration style, clean bold outlines, flat colors, vibrant color palette, cinematic lighting, 8-second continuous documentary video --ar 16:9"
CH08_SC002b,8,1,6,"Bức tranh ẩn dụ 2D nghệ thuật tâm lý, bóng đen con người và các luồng sáng màu gradient rực rỡ thể hiện nội dung: Trong học thuật, nó gọi là MCII — Đối lập tâm trí kết hợp Ý định thực hiện.","steady shot showing a flat 2D vector graphic showing the English text ""MCII"" written on a grey blackboard, with two arrows pointing to the words ""MENTAL CONTRASTING"" and ""IMPLEMENTATION INTENTIONS"", on a solid dark gray background. Symmetrical layout, soft warm lighting. flat 2D vector illustration style, clean bold outlines, flat colors, vibrant color palette, cinematic lighting, 8-second continuous documentary video --ar 16:9"
CH08_SC003a,8,1,8,"Đồ họa vector bốn ô chữ lớn W, O, O, P sáng rõ trên bảng đen tối giản.","slow camera panning showing a flat 2D vector graphic of four steps rising like a staircase, with the letters ""W"", ""O"", ""O"", ""P"" engraved on each step under a soft warm spotlight, on a solid dark gray background. Clean outlines, high contrast. flat 2D vector illustration style, clean bold outlines, flat colors, vibrant color palette, cinematic lighting, 8-second continuous documentary video --ar 16:9"
CH08_SC003b,8,1,5,"Đồ họa vector bốn ô chữ lớn W, O, O, P sáng rõ trên bảng đen tối giản.","steady shot showing a flat 2D vector graphic of a clipboard with a checklist showing four blank checkboxes under a warm spotlight, on a solid dark gray background. Symmetrical layout, soft warm lighting. flat 2D vector illustration style, clean bold outlines, flat colors, vibrant color palette, cinematic lighting, 8-second continuous documentary video --ar 16:9"
CH08_SC004a,8,1,3,"Đồ họa vector bốn ô chữ lớn W, O, O, P sáng rõ trên bảng đen tối giản.","steady shot showing a flat 2D vector graphic of the letter ""W"" highlighted in bright yellow inside a glowing circle, next to a simple outline of a target, on a solid dark gray background. Symmetrical layout, high contrast. flat 2D vector illustration style, clean bold outlines, flat colors, vibrant color palette, cinematic lighting, 8-second continuous documentary video --ar 16:9"
CH08_SC004b,8,1,7,"Bức tranh ẩn dụ 2D nghệ thuật tâm lý, bóng đen con người và các luồng sáng màu gradient rực rỡ thể hiện nội dung: Hãy chọn một mong muốn thực tế và có ý nghĩa đối với bạn trong công việc hay tài chính.","steady shot showing the clean black silhouette of a person writing in a large, leather ledger under a desk lamp, set against a dark teal and amber gradient background. Symmetrical composition, soft warm lighting. minimalist graphic novel ink style, high contrast, bold outlines, flat colors, vibrant color palette, cinematic lighting, 8-second continuous documentary video --ar 16:9"
CH08_SC004c,8,1,5,"Bức tranh ẩn dụ 2D nghệ thuật tâm lý, bóng đen con người và các luồng sáng màu gradient rực rỡ thể hiện nội dung: Ví dụ: hoàn thành đề án thuyết trình dự án mới vào ngày mai.","steady shot showing a flat 2D vector graphic of a document labeled ""PROJECT PROPOSAL"" in English with a green checkmark, on a solid dark gray background. Clean outlines, high contrast. flat 2D vector illustration style, clean bold outlines, flat colors, vibrant color palette, cinematic lighting, 8-second continuous documentary video --ar 16:9"
CH08_SC005a,8,1,3,"Đồ họa vector bốn ô chữ lớn W, O, O, P sáng rõ trên bảng đen tối giản.","steady shot showing a flat 2D vector graphic of the letter ""O"" highlighted in bright gold inside a glowing circle, next to an icon of a golden trophy, on a solid dark gray background. Symmetrical composition, high contrast. flat 2D vector illustration style, clean bold outlines, flat colors, vibrant color palette, cinematic lighting, 8-second continuous documentary video --ar 16:9"
CH08_SC005b,8,1,8,"Bức tranh ẩn dụ 2D nghệ thuật tâm lý, bóng đen con người và các luồng sáng màu gradient rực rỡ thể hiện nội dung: Hãy dành một phút hình dung về kết quả tốt đẹp nhất nếu ước muốn đó thành hiện thực: sự nhẹ nhõm, sự công nhận, hay khoản thưởng xứng đáng.","steady shot showing the clean black silhouette of a man standing before a cheering crowd, with his hands raised, set against a dark magenta and gold gradient background. Symmetrical composition, soft warm lighting. minimalist graphic novel ink style, high contrast, bold outlines, flat colors, vibrant color palette, cinematic lighting, 8-second continuous documentary video --ar 16:9"
CH08_SC005c,8,1,8,"Bóng đen người đàn ông ngồi thiền, các đường hào quang ảo ảnh tỏa ra xung quanh.","steady shot showing the clean black silhouette of a meditator, with a thought bubble above his head showing the simple English text ""START"", set against a dark teal and violet gradient background. Symmetrical layout, glowing backlight. minimalist graphic novel ink style, high contrast, bold outlines, flat colors, vibrant color palette, cinematic lighting, 8-second continuous documentary video --ar 16:9"
CH08_SC006a,8,2,8,"Đồ họa vector bốn ô chữ lớn W, O, O, P sáng rõ trên bảng đen tối giản.","steady shot showing a flat 2D vector graphic of the letter ""O"" highlighted in bright red inside a glowing circle, next to a jagged rock obstacle icon, on a solid dark gray background. Symmetrical layout, high contrast. flat 2D vector illustration style, clean bold outlines, flat colors, vibrant color palette, cinematic lighting, 8-second continuous documentary video --ar 16:9"
CH08_SC006b,8,1,6,"Bóng đen người đàn ông ngồi thiền, các đường hào quang ảo ảnh tỏa ra xung quanh.","steady shot showing the clean black silhouette of a man sitting in meditation, wearing a blindfold, with storm clouds gathers in the sky above him, set against a dark gray and violet gradient background. Symmetrical layout, dramatic chiaroscuro. minimalist graphic novel ink style, high contrast, bold outlines, flat colors, vibrant color palette, cinematic lighting, 8-second continuous documentary video --ar 16:9"
CH08_SC006c,8,1,5,"Bóng đen tỷ phú Carnegie chỉ tay đặt lên vai Napoleon Hill, ánh sáng chiaroscuro.","steady shot showing the clean black silhouette of a man standing face-to-face with a giant, dark stone golem that represents his obstacle, set against a dark gray and red gradient background. Symmetrical layout, dramatic chiaroscuro. minimalist graphic novel ink style, high contrast, bold outlines, flat colors, vibrant color palette, cinematic lighting, 8-second continuous documentary video --ar 16:9"
CH08_SC006d,8,1,8,"Bức tranh ẩn dụ 2D nghệ thuật tâm lý, bóng đen con người và các luồng sáng màu gradient rực rỡ thể hiện nội dung: Rào cản đó thường nằm ở bên trong bạn: nỗi sợ bị từ chối, thói quen trì hoãn do cầu toàn, hay sự e ngại khi đối diện với những quyết định tài chính khó khăn.","steady shot showing the clean black silhouette of a man looking at his own shadow on a wall, where the shadow has a large red question mark in the center of its chest, set against a dark gray and amber gradient background. Moody lighting, deep shadows. minimalist graphic novel ink style, high contrast, bold outlines, flat colors, vibrant color palette, cinematic lighting, 8-second continuous documentary video --ar 16:9"
CH08_SC006e,8,1,3,"Bức tranh ẩn dụ 2D nghệ thuật tâm lý, bóng đen con người và các luồng sáng màu gradient rực rỡ thể hiện nội dung: Hãy gọi đúng tên rào cản đó.","steady shot showing a flat 2D vector graphic of a tag containing the English text ""PROCRASTINATION"" being tied to a dark box, on a solid dark gray background. Clean outlines, high contrast. flat 2D vector illustration style, clean bold outlines, flat colors, vibrant color palette, cinematic lighting, 8-second continuous documentary video --ar 16:9"
CH08_SC007a,8,1,3,"Đồ họa vector bốn ô chữ lớn W, O, O, P sáng rõ trên bảng đen tối giản.","steady shot showing a flat 2D vector graphic of the letter ""P"" highlighted in bright green inside a glowing circle, next to a blueprint map icon, on a solid dark gray background. Symmetrical layout, high contrast. flat 2D vector illustration style, clean bold outlines, flat colors, vibrant color palette, cinematic lighting, 8-second continuous documentary video --ar 16:9"
CH08_SC007b,8,1,8,"Bức tranh ẩn dụ 2D nghệ thuật tâm lý, bóng đen con người và các luồng sáng màu gradient rực rỡ thể hiện nội dung: Ví dụ: ""Nếu ngày mai tôi cảm thấy lo sợ khi phải gọi điện thương thảo một hợp đồng quan trọng và muốn lảng tránh bằng cách lướt mạng xã hội, tôi sẽ lập tức hít sâu ba nhịp, mở danh bạ và bấm số gọi trước khi tâm trí kịp tìm lý do trì hoãn.""","steady shot showing the clean black silhouette of a businessman sitting at his desk, picking up a telephone receiver to make a call under a desk lamp, set against a dark teal and gold gradient background. Moody lighting, deep shadows. minimalist graphic novel ink style, high contrast, bold outlines, flat colors, vibrant color palette, cinematic lighting, 8-second continuous documentary video --ar 16:9"
CH08_SC008a,8,2,7,"Đồ họa vector bốn ô chữ lớn W, O, O, P sáng rõ trên bảng đen tối giản.","steady shot showing a flat 2D vector graphic of a flowchart with a box labeled ""IF"" in English connected by a green line to another box labeled ""THEN"" in English, on a solid dark gray background. Symmetrical composition, clean outlines. flat 2D vector illustration style, clean bold outlines, flat colors, vibrant color palette, cinematic lighting, 8-second continuous documentary video --ar 16:9"
CH08_SC008b,8,1,4,"Bức tranh ẩn dụ 2D nghệ thuật tâm lý, bóng đen con người và các luồng sáng màu gradient rực rỡ thể hiện nội dung: Thì..."", bộ não tạo liên kết thần kinh mạnh mẽ.","steady shot showing a flat 2D vector graphic of a glowing green bridge connecting two neuron cells inside a brain silhouette, on a solid dark gray background. Symmetrical composition, clean outlines. flat 2D vector illustration style, clean bold outlines, flat colors, vibrant color palette, cinematic lighting, 8-second continuous documentary video --ar 16:9"
CH08_SC008c,8,1,5,"Bức tranh ẩn dụ 2D nghệ thuật tâm lý, bóng đen con người và các luồng sáng màu gradient rực rỡ thể hiện nội dung: Nó nối giữa rào cản xuất hiện và hành vi mục tiêu đã định trước.","steady shot showing a flat 2D vector graphic of a green arrow starting at an obstacle block and ending at a finish line flag icon, on a solid dark gray background. Clean outlines, high contrast. flat 2D vector illustration style, clean bold outlines, flat colors, vibrant color palette, cinematic lighting, 8-second continuous documentary video --ar 16:9"
CH08_SC008d,8,1,6,"Bức tranh ẩn dụ 2D nghệ thuật tâm lý, bóng đen con người và các luồng sáng màu gradient rực rỡ thể hiện nội dung: Khi rào cản xuất hiện, bạn không cần tốn năng lượng vỏ não trước trán để quyết định.","steady shot showing a flat 2D vector graphic of a brain silhouette with the prefrontal cortex area glowing green, showing an arrow bypassing it smoothly, on a solid dark gray background. Clean outlines, high contrast. flat 2D vector illustration style, clean bold outlines, flat colors, vibrant color palette, cinematic lighting, 8-second continuous documentary video --ar 16:9"
CH08_SC008e,8,1,5,"Bức tranh ẩn dụ 2D nghệ thuật tâm lý, bóng đen con người và các luồng sáng màu gradient rực rỡ thể hiện nội dung: Bạn không cần dùng bạo lực ý chí để ép buộc bản thân.","steady shot showing the clean black silhouette of a person walking relaxed along a path, with a heavy chain lying broken on the ground next to them, set against a dark teal and violet gradient background. Moody backlight, deep silhouettes. minimalist graphic novel ink style, high contrast, bold outlines, flat colors, vibrant color palette, cinematic lighting, 8-second continuous documentary video --ar 16:9"
CH08_SC008f,8,1,8,"Bức tranh ẩn dụ 2D nghệ thuật tâm lý, bóng đen con người và các luồng sáng màu gradient rực rỡ thể hiện nội dung: Hành vi sẽ tự động được thực thi thông qua Hệ thống Một của não bộ, tương tự như phản xạ có điều kiện.","steady shot showing a flat 2D vector graphic of a gears mechanism with a large green gear turning a smaller blue gear automatically, on a solid dark gray background. Symmetrical composition, clean outlines. flat 2D vector illustration style, clean bold outlines, flat colors, vibrant color palette, cinematic lighting, 8-second continuous documentary video --ar 16:9"
CH08_SC009a,8,1,8,"Lớp học nghèo với các học sinh đang chăm chú ghi chép dưới ánh sáng cửa sổ.","steady shot showing the clean black silhouettes of three students sitting at wooden desks, writing on notebooks in front of a window letting in soft morning rays, set against a dark teal and grey gradient background. Symmetrical composition, soft warm lighting. minimalist graphic novel ink style, high contrast, bold outlines, flat colors, vibrant color palette, cinematic lighting, 8-second continuous documentary video --ar 16:9"
CH08_SC009b,8,1,6,"Đồ họa vector bốn ô chữ lớn W, O, O, P sáng rõ trên bảng đen tối giản.","steady shot showing a flat 2D vector graphic of a report card with a large green ""A+"" grade and a graph line rising, on a solid dark gray background. Symmetrical composition, clean outlines. flat 2D vector illustration style, clean bold outlines, flat colors, vibrant color palette, cinematic lighting, 8-second continuous documentary video --ar 16:9"
CH08_SC009c,8,1,5,"Bức tranh ẩn dụ 2D nghệ thuật tâm lý, bóng đen con người và các luồng sáng màu gradient rực rỡ thể hiện nội dung: Kết quả vượt trội so với nhóm chỉ mơ tưởng về điểm số cao.","steady shot showing a flat 2D vector graphic showing a comparison between a checklist with many checks on the left, and a thought bubble with a gold cloud on the right, on a solid dark gray background. Clean outlines, high contrast. flat 2D vector illustration style, clean bold outlines, flat colors, vibrant color palette, cinematic lighting, 8-second continuous documentary video --ar 16:9"
CH08_SC009d,8,1,7,"Đồ họa vector bốn ô chữ lớn W, O, O, P sáng rõ trên bảng đen tối giản.","steady shot showing a flat 2D vector graphic of a sturdy bridge connecting a small island labeled ""WISH"" in English to another island labeled ""ACTION"" in English, on a solid dark gray background. Symmetrical layout, soft warm lighting. flat 2D vector illustration style, clean bold outlines, flat colors, vibrant color palette, cinematic lighting, 8-second continuous documentary video --ar 16:9"
CH08_SC010a,8,1,8,"Mạng lưới phễu lọc chặn các chấm tròn xám nhiễu và chỉ cho chiếc chìa khóa vàng đi qua.","steady shot showing a flat 2D vector graphic of a brain silhouette with a glowing green network of nodes at the base of the brainstem, labeled ""RAS FILTER"" in English, on a solid dark gray background. Symmetrical composition, clean outlines. flat 2D vector illustration style, clean bold outlines, flat colors, vibrant color palette, cinematic lighting, 8-second continuous documentary video --ar 16:9"
CH08_SC011a,8,1,8,"Bóng đen người đàn ông ngồi thiền, các đường hào quang ảo ảnh tỏa ra xung quanh.","steady shot showing the clean black silhouette of a meditator, with glowing waves radiating from his head into a starry sky, set against a dark purple and indigo gradient background. Symmetrical layout, glowing backlight. minimalist graphic novel ink style, high contrast, bold outlines, flat colors, vibrant color palette, cinematic lighting, 8-second continuous documentary video --ar 16:9"
CH08_SC011b,8,1,6,"Bức tranh ẩn dụ 2D nghệ thuật tâm lý, bóng đen con người và các luồng sáng màu gradient rực rỡ thể hiện nội dung: Thực chất, bộ não của chúng ta phải tiếp nhận hàng triệu tín hiệu giác quan mỗi giây.","steady shot showing a flat 2D vector graphic of a human head silhouette surrounded by hundreds of tiny multicolored pixel dots representing data signals, on a solid dark gray background. Symmetrical composition, clean outlines. flat 2D vector illustration style, clean bold outlines, flat colors, vibrant color palette, cinematic lighting, 8-second continuous documentary video --ar 16:9"
CH08_SC011c,8,1,7,"Mạng lưới phễu lọc chặn các chấm tròn xám nhiễu và chỉ cho chiếc chìa khóa vàng đi qua.","steady shot showing a flat 2D vector graphic of a mesh filter sieve blocking countless grey dust particles while letting one single golden key slide through, on a solid dark gray background. Symmetrical composition, high contrast. flat 2D vector illustration style, clean bold outlines, flat colors, vibrant color palette, cinematic lighting, 8-second continuous documentary video --ar 16:9"
CH08_SC011d,8,1,8,"Bức tranh ẩn dụ 2D nghệ thuật tâm lý, bóng đen con người và các luồng sáng màu gradient rực rỡ thể hiện nội dung: Nó chỉ cho phép những thông tin quan trọng nhất đối với sự sinh tồn hoặc các mục tiêu đã được lập trình sẵn đi vào ý thức của bạn.","steady shot showing a flat 2D vector graphic of a gate opening to let a single glowing star icon inside a brain silhouette, while blocking other grey shapes, on a solid dark gray background. Clean outlines, high contrast. flat 2D vector illustration style, clean bold outlines, flat colors, vibrant color palette, cinematic lighting, 8-second continuous documentary video --ar 16:9"
CH08_SC012a,8,1,8,"Đồ họa vector bốn ô chữ lớn W, O, O, P sáng rõ trên bảng đen tối giản.","steady shot showing a flat 2D vector graphic of a hand typing commands on a computer keyboard with neon green glowing keys, on a solid dark gray background. Symmetrical layout, soft warm lighting. flat 2D vector illustration style, clean bold outlines, flat colors, vibrant color palette, cinematic lighting, 8-second continuous documentary video --ar 16:9"
CH08_SC012b,8,1,6,"Bức tranh ẩn dụ 2D nghệ thuật tâm lý, bóng đen con người và các luồng sáng màu gradient rực rỡ thể hiện nội dung: Đột nhiên, bạn bắt đầu nhìn thấy những cơ hội, nguồn lực vốn luôn tồn tại.","steady shot showing the clean black silhouette of a person walking along a path and pointing towards a glowing golden door that has appeared in a dark stone wall, set against a dark teal and amber gradient background. Moody backlight, deep silhouettes. minimalist graphic novel ink style, high contrast, bold outlines, flat colors, vibrant color palette, cinematic lighting, 8-second continuous documentary video --ar 16:9"
CH08_SC012c,8,1,5,"Mạng lưới phễu lọc chặn các chấm tròn xám nhiễu và chỉ cho chiếc chìa khóa vàng đi qua.","steady shot showing a flat 2D vector graphic of multiple grey envelopes dropping into a trash bin icon, on a solid dark gray background. Clean outlines, high contrast. flat 2D vector illustration style, clean bold outlines, flat colors, vibrant color palette, cinematic lighting, 8-second continuous documentary video --ar 16:9"
CH08_SC012d,8,1,4,"Bóng đen người đàn ông ngồi thiền, các đường hào quang ảo ảnh tỏa ra xung quanh.","steady shot showing the clean black silhouette of a meditator under a dark, silent night sky with no stars, set against a dark charcoal gradient background. Symmetrical composition, dramatic chiaroscuro. minimalist graphic novel ink style, high contrast, bold outlines, flat colors, vibrant color palette, cinematic lighting, 8-second continuous documentary video --ar 16:9"
CH08_SC012e,8,1,8,"Bức tranh ẩn dụ 2D nghệ thuật tâm lý, bóng đen con người và các luồng sáng màu gradient rực rỡ thể hiện nội dung: Đó chỉ là bộ não vật lý của bạn đang bật chế độ tập trung ưu tiên để tìm kiếm công cụ hành động.","steady shot showing a flat 2D vector graphic of a brain outline wearing a headlamp that casts a bright white spotlight beam onto a tool box icon, on a solid dark gray background. Symmetrical layout, soft warm lighting. flat 2D vector illustration style, clean bold outlines, flat colors, vibrant color palette, cinematic lighting, 8-second continuous documentary video --ar 16:9"
CH08_SC013a,8,1,8,"Silhouette người nằm thả lỏng trôi trên dòng nước tĩnh lặng dưới ánh trăng.","steady shot showing the clean black silhouette of a man floating peacefully on a calm lake surface at night, looking up at a starry sky, set against a dark indigo gradient background. Symmetrical composition, soft backlight. minimalist graphic novel ink style, high contrast, bold outlines, flat colors, vibrant color palette, cinematic lighting, 8-second continuous documentary video --ar 16:9"
CH08_SC013b,8,1,6,"Silhouette người nằm thả lỏng trôi trên dòng nước tĩnh lặng dưới ánh trăng.","slow camera panning showing the clean black silhouette of a pair of hands letting go of a thread, letting a balloon drift away into a sunset sky, set against a dark purple and coral gradient background. Moody lighting, deep shadows. minimalist graphic novel ink style, high contrast, bold outlines, flat colors, vibrant color palette, cinematic lighting, 8-second continuous documentary video --ar 16:9"
CH08_SC013c,8,1,8,"Bức tranh ẩn dụ 2D nghệ thuật tâm lý, bóng đen con người và các luồng sáng màu gradient rực rỡ thể hiện nội dung: Ta phó thác kết quả cho thực tại, chỉ tập trung hành động ở hiện tại thông qua phản xạ tự nhiên.","steady shot showing the clean black silhouette of a stonemason placing a single stone block on a brick wall, focusing entirely on his hands, set against a dark teal and gold gradient background. Symmetrical composition, soft warm lighting. minimalist graphic novel ink style, high contrast, bold outlines, flat colors, vibrant color palette, cinematic lighting, 8-second continuous documentary video --ar 16:9"
CH08_SC013d,8,1,7,"Bức tranh ẩn dụ 2D nghệ thuật tâm lý, bóng đen con người và các luồng sáng màu gradient rực rỡ thể hiện nội dung: Hành động tự diễn ra trôi chảy, không chịu ma sát của sự tự dằn vặt hay lo âu.","steady shot showing the clean black silhouette of a stream of clear water flowing smoothly around a smooth river stone, set against a dark blue and grey gradient background. Moody lighting, deep shadows. minimalist graphic novel ink style, high contrast, bold outlines, flat colors, vibrant color palette, cinematic lighting, 8-second continuous documentary video --ar 16:9"
CH08_SC014a,8,1,8,"Bóng đen người đàn ông ngồi thiền, các đường hào quang ảo ảnh tỏa ra xung quanh.","steady shot showing the clean black silhouette of a man breaking heavy iron chains from his wrists, set against a dark orange and black gradient background. Moody backlight, deep silhouettes. minimalist graphic novel ink style, high contrast, bold outlines, flat colors, vibrant color palette, cinematic lighting, 8-second continuous documentary video --ar 16:9"
CH08_SC014b,8,1,4,"Bóng đen người đàn ông ngồi thiền, các đường hào quang ảo ảnh tỏa ra xung quanh.","steady shot showing the clean black silhouette of a person sitting relaxed under a tree, watching leaves fall, set against a dark teal and violet gradient background. Moody lighting, deep shadows. minimalist graphic novel ink style, high contrast, bold outlines, flat colors, vibrant color palette, cinematic lighting, 8-second continuous documentary video --ar 16:9"
CH08_SC014c,8,1,8,"Bức tranh ẩn dụ 2D nghệ thuật tâm lý, bóng đen con người và các luồng sáng màu gradient rực rỡ thể hiện nội dung: Hãy cho phép mình buồn, cho phép mình lo âu, nhưng hãy chuẩn bị sẵn một kế hoạch hành động cụ thể để bước đi.","steady shot showing the clean black silhouette of a person standing under a rainy umbrella, holding a compass in their hand and looking down a path, set against a dark grey and amber gradient background. Moody lighting, deep shadows. minimalist graphic novel ink style, high contrast, bold outlines, flat colors, vibrant color palette, cinematic lighting, 8-second continuous documentary video --ar 16:9"
CH08_SC014d,8,1,6,"Bóng đen mặt cắt sọ người, các tia điện ion cố thoát ra ngoài nhưng lập tức tan biến.","steady shot showing a flat 2D vector graphic of a simple, glowing warm house icon inside a brain silhouette, on a solid dark gray background. Symmetrical composition, soft warm lighting. flat 2D vector illustration style, clean bold outlines, flat colors, vibrant color palette, cinematic lighting, 8-second continuous documentary video --ar 16:9"
CH08_SC014e,8,1,6,"Silhouette một người bước đi thong thả trên con đường mòn thẳng hướng về bình minh rực rỡ.","steady shot showing the clean black silhouette of a traveler walking calmly along a narrow dirt path towards a brilliant, glowing golden sunrise on the horizon, set against a dark navy and gold gradient background. Symmetrical composition, moody backlight. minimalist graphic novel ink style, high contrast, bold outlines, flat colors, vibrant color palette, cinematic lighting, 8-second continuous documentary video --ar 16:9"
